search_name,search_query,title,published,link,past_days,published_dt_utc
Brand search Google News and X - PROTEST,"(""Gucci"" OR ""Ralph Lauren"" OR ""Dior"" OR ""Armani"" OR ""louis Vuitton"" OR ""Valentino"" OR ""Burberry"" OR ""dolce & gabbana"" OR ""Polo Ralph Lauren"" OR ""Cartier"" OR ""Calvin Klein""  OR ""Hilfiger"" OR ""Tommy H"" OR ""Timberland"" OR ""Prada"" OR ""Nike"" OR ""Balenciaga"" OR ""Canada Goose"" ) AND (""protest"")",Armani Little reflects on Fleetwood defeat - Gillingham Football Club,"Sun, 21 Dec 2025 01:05:06 GMT",https://news.google.com/rss/articles/CBMi4wFBVV95cUxOdXFwVXZvNmFtSm43dmZsYlZ3bGNNOVp1OU5UQnp2bUYtNXdYUHJBVW9hXzJVY09XcnJPU2ljWmxOcFI1VnUzUEo2T0IycDJVNUZhcHUzcUVkYnlzaFlieG4wUXhyWWdlSTZLQTBmc0hNa3J3eGlpNlJDTzNZUTJtdUpVUTNzWG9IM1VDNnNaNjVOZWJmUUYwTmhsQ2dHY2VjZFJaZ3JfbzZrTi1qVWtmT2FIT0YxcnZjbzJBeHNYN1dmeDVDWE1TYlYwOHdST0ZEamJ5aUdUOFhGa2VqZVFKdC1NRQ?oc=5,1,2025-12-21 01:05:06+00:00
Brand search Google News and X - PROTEST,"(""Gucci"" OR ""Ralph Lauren"" OR ""Dior"" OR ""Armani"" OR ""louis Vuitton"" OR ""Valentino"" OR ""Burberry"" OR ""dolce & gabbana"" OR ""Polo Ralph Lauren"" OR ""Cartier"" OR ""Calvin Klein""  OR ""Hilfiger"" OR ""Tommy H"" OR ""Timberland"" OR ""Prada"" OR ""Nike"" OR ""Balenciaga"" OR ""Canada Goose"" ) AND (""protest"")",Save £140 as Amazon slashes price of 'stylish' Tommy Hilfiger men's watch that 'looks more expensive' - Birmingham Live,"Sun, 21 Dec 2025 05:00:00 GMT",https://news.google.com/rss/articles/CBMikwFBVV95cUxPMFJ2TFhZM2RWb1l0Q3c5MEhDWHdMZUhZeTVSYldzMmRMb1BwYmJfUDVoOVNEcHdxTkp5dnpKSUtIR0ZWQUlDYnNrNm9ZLURSQXFnVlN5U1E0SFZkekJnQVVHYUpVNEFEWEYzdDVxaUhPdzZTdFh6OGtHWUh3S0UxV3FqR3JsY3B1dzdtOEdqYmNZbW_SAZgBQVVfeXFMTTBYQ3NxdmJ5c3pMUlEzWVlYeS1MZVMwc0JLVXhWMWtZTkplcF9KVV9Wd1VRQkpaZkNXdkNQSV9zSE9kRVBydXNmNGUwd25ROElsZGlIN2tuS3U2a21uX3BEV0VFZWRYMHFndXl1RncwVW13bjBVSkxDY1B4VnRaYXpBVldzWkpkbWJycWJLeHdrMTR5UGFlNDI?oc=5,1,2025-12-21 05:00:00+00:00
Brand search Google News and X - PROTEST,"(""Gucci"" OR ""Ralph Lauren"" OR ""Dior"" OR ""Armani"" OR ""louis Vuitton"" OR ""Valentino"" OR ""Burberry"" OR ""dolce & gabbana"" OR ""Polo Ralph Lauren"" OR ""Cartier"" OR ""Calvin Klein""  OR ""Hilfiger"" OR ""Tommy H"" OR ""Timberland"" OR ""Prada"" OR ""Nike"" OR ""Balenciaga"" OR ""Canada Goose"" ) AND (""protest"")",Why global luxury brands are switching to shopping streets in China - South China Morning Post,"Sun, 21 Dec 2025 02:00:08 GMT",https://news.google.com/rss/articles/CBMi1AFBVV95cUxQYjBLdU9OX196ZlpaUzRYaTJFRVFOa0ZBT3EwbUUzbTFscDlLNDlyekd6SjBSSXVxVTJUQVBsWkFFckZZVGs1VENGMy1acENBXzdodlduVkU5enJ3OGlTdzMwMHkzRDBENjdyWk9QOEFCWHJZT2haMnBrWS00NFhBVDVmUDQxelItUVhRRUlCdndnRV84V0ViMFBZVG5uQUNyRXVJLXpSM1cyZWoxOGx3OUd1cE05akNFb05mZzgyUkN4aU1WYlM3SUkzdzdXTE5oNVpOONIB1AFBVV95cUxPN1l5TXJpNFVMRHdjOWtQVTNTVHpiWEZNTEc5ek1aMzhONUxWaE9Iak9WRWh6dVRwWS1MOGV6M0YxUWY2b2hiQU5xRFpJRVFJb3E3U09nOW0yX2hXbGFWZ1Q5dmhvWGI5Q2t6M1Jkejl4LWFENGhWQjF1RjM5QXoxTFdROW44R1Z4d0dPb2tOVTZQUEQ1dlRnT0hCX3pQbFdua3Ria3hxbzRybUZGaXctYk1ENjhuZ0JvN0FRYk9FcE1BZWRYZXFkQVh6VU5lcEc2MFNjYQ?oc=5,1,2025-12-21 02:00:08+00:00
Brand search Google News and X - PROTEST,"(""Gucci"" OR ""Ralph Lauren"" OR ""Dior"" OR ""Armani"" OR ""louis Vuitton"" OR ""Valentino"" OR ""Burberry"" OR ""dolce & gabbana"" OR ""Polo Ralph Lauren"" OR ""Cartier"" OR ""Calvin Klein""  OR ""Hilfiger"" OR ""Tommy H"" OR ""Timberland"" OR ""Prada"" OR ""Nike"" OR ""Balenciaga"" OR ""Canada Goose"" ) AND (""protest"")",EVENT: Tommy Hilfiger brought fashion enthusiasts together at Doha Festival City - Esquire Middle East,"Sat, 20 Dec 2025 19:30:00 GMT",https://news.google.com/rss/articles/CBMikgFBVV95cUxPTXI3NkdqMEFxLVA5TGtfQ3p3bUdUelBWSElrUXFpeDR5SEgxNF9zdG91d09FRXZDNzFPU3hzdVM1WUlCU21oWHAzNVJqR0ZuMW5YOGNMU3I4aHAxUnJaclJHU3BFZUxXWDlxaGFSMXNjWTgtWlBOOGN5cUVfajZUdGxvdVYtbHBkTEVVUWJ0cGZsdw?oc=5,1,2025-12-20 19:30:00+00:00
Brand search Google News and X - PROTEST,"(""Gucci"" OR ""Ralph Lauren"" OR ""Dior"" OR ""Armani"" OR ""louis Vuitton"" OR ""Valentino"" OR ""Burberry"" OR ""dolce & gabbana"" OR ""Polo Ralph Lauren"" OR ""Cartier"" OR ""Calvin Klein""  OR ""Hilfiger"" OR ""Tommy H"" OR ""Timberland"" OR ""Prada"" OR ""Nike"" OR ""Balenciaga"" OR ""Canada Goose"" ) AND (""protest"")",Maison Louis Vuitton Beijing opens as Sanlitun flagship store - Dao Insights,"Sat, 20 Dec 2025 08:03:05 GMT",https://news.google.com/rss/articles/CBMioAFBVV95cUxOdzFpMWFiVG5EaW9uMXF1eTdIUTFsMTk1Um9NektkWTJaWFpGaDg0TXZiTzJHY1RCNkNBT2VWdVZ2SERXWEo5NTFJNEhOVDU3bnRERU1uOGJDT3daYVBGaHN5dFBLNmtYV2NsYVZfd0tjOTM2YU14bnA1blF3d1V3TE9VcXFDbnVEelR6dlBabWJOSjE2Vk82Mkw3UDRDRlVS?oc=5,1,2025-12-20 08:03:05+00:00
Brand search Google News and X - PROTEST,"(""Gucci"" OR ""Ralph Lauren"" OR ""Dior"" OR ""Armani"" OR ""louis Vuitton"" OR ""Valentino"" OR ""Burberry"" OR ""dolce & gabbana"" OR ""Polo Ralph Lauren"" OR ""Cartier"" OR ""Calvin Klein""  OR ""Hilfiger"" OR ""Tommy H"" OR ""Timberland"" OR ""Prada"" OR ""Nike"" OR ""Balenciaga"" OR ""Canada Goose"" ) AND (""protest"")","4 jewellery drops to know about this Christmas, from Cartier to Giorgio Armani - South China Morning Post","Sat, 20 Dec 2025 22:00:09 GMT",https://news.google.com/rss/articles/CBMi3gFBVV95cUxOZFYzZUJrUVRWV0ZCZm5FanItdGJ1R0ZNT1Bxb0VYQmstMHMxU0NYQlRRTXB6aG5GWllmb2RsdFFjb3lPRGV1aTMyZXJvVl9zMS1FNXdNSEd6ZV9hV1YtY1NhVWZIVXd4NXQxc25NcGxKR2VTSXlkSDNZMzVmLUMtLVVyZVNYeE5PUUdQTWVUaVQ0UlpzVGpHRmtXSnBFSE1BSVYxSTBueEhuSTJCQUxHUVV0U3RYRGpOTXBDTlY0MFVkem9Oby13dXBubFk5TUNMLUJjaUpIUGYzOXdyRlHSAd4BQVVfeXFMT2ljU01kZ1A4bHU3Y1RiZWMzYmJXUTNPY2JsUU9jNFZ4d0FIZUcxZm5vRGpMRU9aYUtmRklCMmtEWTBxd2xqdllFV3hPeW1aemRVVkE2WkhWTFpBakZpVkZlLTZ6ZUY3VDV0eVpaTTE4cjhfblJJRWpXVmFJX0xHdFphNFM2OHd0T0EzaVZSQ0xxMHVMRkRYMFFQWDBqR09ucDZwem5YWGpENGJvaXIxYXJnNnJiMkdjMnBOTFllSjlxajQtbGRRY29DbjdaM3FZMlYzOTNQRm5JRmsya0NR?oc=5,1,2025-12-20 22:00:09+00:00
Brand search Google News and X - PROTEST,"(""Gucci"" OR ""Ralph Lauren"" OR ""Dior"" OR ""Armani"" OR ""louis Vuitton"" OR ""Valentino"" OR ""Burberry"" OR ""dolce & gabbana"" OR ""Polo Ralph Lauren"" OR ""Cartier"" OR ""Calvin Klein""  OR ""Hilfiger"" OR ""Tommy H"" OR ""Timberland"" OR ""Prada"" OR ""Nike"" OR ""Balenciaga"" OR ""Canada Goose"" ) AND (""protest"")","Olivia Rodrigo Taps a Lacy Vintage Gucci Mini Dress for Lily Allen's ""Naughty or Nice"" Christmas Party - Marie Claire","Sat, 20 Dec 2025 19:42:10 GMT",https://news.google.com/rss/articles/CBMiwgFBVV95cUxOUUhIM0JsNWpmRUt5UUM0c2cxMTRyRzB4VWhmOGlvTlFZUm55WE9KQk55RkRIMUtnUGkwZnB3VmZPbF96QWNjdVBKWDFTNlliX0MxcXFFMlpCZVk0aktqLWJBbjZqY3NRVTZONC1KMm9icEdKWDZ6cTJ2bUhUT0tkSTEtLU91TGJwQ19icmVYSlJDSUlWS25KMFV4anRYVDU4cS1ON0J2aDg5NHhyN3VxN2FHeHhIVjFZV0lULXE2VmhPUQ?oc=5,1,2025-12-20 19:42:10+00:00
Brand search Google News and X - PROTEST,"(""Gucci"" OR ""Ralph Lauren"" OR ""Dior"" OR ""Armani"" OR ""louis Vuitton"" OR ""Valentino"" OR ""Burberry"" OR ""dolce & gabbana"" OR ""Polo Ralph Lauren"" OR ""Cartier"" OR ""Calvin Klein""  OR ""Hilfiger"" OR ""Tommy H"" OR ""Timberland"" OR ""Prada"" OR ""Nike"" OR ""Balenciaga"" OR ""Canada Goose"" ) AND (""protest"")",House of Dior: Petal-Inspired Flagship Store by Christian de Portzamparc - parametric-architecture.com,"Sat, 20 Dec 2025 09:03:19 GMT",https://news.google.com/rss/articles/CBMigAFBVV95cUxNcjhmZlpIRFA3akVKcFpWN3g3Z3MtV195TzhoNkd0MWlaeUQ0SnBtdEx6VS1ic2pVWFRqZnR6ajRwRVJWMGwyeTByLTJuUjl0YUlMMFpSNDdQUjJMRTdCcmpEVFVIbFZqaU8xN3Z0QnBlUndEMURUVU9OcTdEZ0Nrbw?oc=5,1,2025-12-20 09:03:19+00:00
Brand search Google News and X - PROTEST,"(""Gucci"" OR ""Ralph Lauren"" OR ""Dior"" OR ""Armani"" OR ""louis Vuitton"" OR ""Valentino"" OR ""Burberry"" OR ""dolce & gabbana"" OR ""Polo Ralph Lauren"" OR ""Cartier"" OR ""Calvin Klein""  OR ""Hilfiger"" OR ""Tommy H"" OR ""Timberland"" OR ""Prada"" OR ""Nike"" OR ""Balenciaga"" OR ""Canada Goose"" ) AND (""protest"")",First Look: There’s nothing like the Fiat 500e Giorgio Armani Collector’s Edition! - TopElectricSUV,"Sat, 20 Dec 2025 18:50:41 GMT",https://news.google.com/rss/articles/CBMikwFBVV95cUxPSUU5d1ZwZ0NwcmMtTVJtMjA1OU1SendrRmd2WjhvME9YbTQ0YW9La2MyaGxGbzNKU3V2SF8tUkY4dkxBeHpJUnlqdm5wMjJWUXJHTUEzYWt6RXdQWGdZb01abnpsbk5GMjdESUdrMUdESVhoaW1lT1lnZ2o1TjNNRWFTRDFEM1VvZGwtY1poSEt5OHM?oc=5,1,2025-12-20 18:50:41+00:00
Brand search Google News and X - PROTEST,"(""Gucci"" OR ""Ralph Lauren"" OR ""Dior"" OR ""Armani"" OR ""louis Vuitton"" OR ""Valentino"" OR ""Burberry"" OR ""dolce & gabbana"" OR ""Polo Ralph Lauren"" OR ""Cartier"" OR ""Calvin Klein""  OR ""Hilfiger"" OR ""Tommy H"" OR ""Timberland"" OR ""Prada"" OR ""Nike"" OR ""Balenciaga"" OR ""Canada Goose"" ) AND (""protest"")",Ella Purnell Brings Ornate Glamour To Tokyo For 'Fallout' - Red Carpet Fashion Awards,"Sat, 20 Dec 2025 20:03:05 GMT",https://news.google.com/rss/articles/CBMiswFBVV95cUxOcDhLWXdUS1RVOXI0b3BMUHJXcEpQS0xmUUthSjJDREswaGdvR3ZkSU1sOHhBWG5IWDVfcWVjcGcyRUhtT09PR25yeG9RSUpEWHpVTXVIMXl2RTlLTFk4bG1qX3g3SUZMc0dDalpwX094YVI3NENXUjZiUmstRGFOcGpfUFdLVlFYR1VpMWpma3p5Vk9MNlg2MXZ0R1U0QXFoLXNTUEZ6SmVyZUdVWmY0TUlwdw?oc=5,1,2025-12-20 20:03:05+00:00
Brand search Google News and X - PROTEST,"(""Gucci"" OR ""Ralph Lauren"" OR ""Dior"" OR ""Armani"" OR ""louis Vuitton"" OR ""Valentino"" OR ""Burberry"" OR ""dolce & gabbana"" OR ""Polo Ralph Lauren"" OR ""Cartier"" OR ""Calvin Klein""  OR ""Hilfiger"" OR ""Tommy H"" OR ""Timberland"" OR ""Prada"" OR ""Nike"" OR ""Balenciaga"" OR ""Canada Goose"" ) AND (""protest"")",Ella Purnell Flaunts Her Tattoos in Dolce & Gabbana Minidress - theFashionSpot,"Sat, 20 Dec 2025 12:25:20 GMT",https://news.google.com/rss/articles/CBMipwFBVV95cUxQaDh3NVZtbmw1YmcwRmg0cm1haVFSaVZQQWJYWEJob0xjSzBjX2lxTFRTZktILTY1bmhoVzN5MUxCakJyT21kVy1Lcmk5VlRyOUFWVXp6NjRfa3BzajBRV2p3dTA4RGkzODdRd19BbDdjRmlYX3ZfenNvX3B4N3cyejBpTFpFRXhDNWVrQ1g2bi1qLWlPZnZKT0hwdW11TXI4QVlTd3pZONIBrAFBVV95cUxNbFdBQUhJNTZjTHg2dVQwUG1QLVQxOGdPYnFCUnVyTERkN1FEclUxY2pDX3FDcjhuS2ZyaTBzeDN4bElFZDNkZVh6LTRrd0ZNRlJhTnZJaWZQQ09DS1F6djY1SXhWa1kzQ294MTltUmJJbDRtdFZQa3dRZTBDODFWOEl4RmxwaUJOWnd2dk1rQlRWeXNDWjYyMWJtZEZsQXlKX2VxWXNqWGhvc3hI?oc=5,1,2025-12-20 12:25:20+00:00
Brand search Google News and X - PROTEST,"(""Gucci"" OR ""Ralph Lauren"" OR ""Dior"" OR ""Armani"" OR ""louis Vuitton"" OR ""Valentino"" OR ""Burberry"" OR ""dolce & gabbana"" OR ""Polo Ralph Lauren"" OR ""Cartier"" OR ""Calvin Klein""  OR ""Hilfiger"" OR ""Tommy H"" OR ""Timberland"" OR ""Prada"" OR ""Nike"" OR ""Balenciaga"" OR ""Canada Goose"" ) AND (""protest"")",Jordan Pepper and Valentino Rossi at the Bathurst 12 Hour with BMW - autohebdof1.com,"Sat, 20 Dec 2025 13:27:17 GMT",https://news.google.com/rss/articles/CBMivAFBVV95cUxOWENzYVI3bk80MnBFN3gxVl9BdGZtWlhfT0VDRkNFV0xUOENtWGRZN3NHREw4ZlBKelY1ZjBiNEdLaUdsam5hWk9EVXpjTXZzdktHVE1vQ0Z2WFQ4NnRKWEFUOHdmVXhLLU9lcVVVMzRuNjVSMTBmZDdLSUNNYTlQWmQxb1JscWNZSlZhT2RYeGRPdDNrMUk5cnBzakhKVkIxX1VQT2ZFVmd1d1RHQjBkaFdLUEZROVFvc1JOTg?oc=5,1,2025-12-20 13:27:17+00:00
Value Retail,"(""valueretail"" OR ""Value retail"" OR ""Bicester Collection"")",M European Value Retail S.A. (BMN) stock gain from lower interest rates - July 2025 Analyst Calls & Long-Term Capital Growth Ideas - ulpravda.ru,"Sat, 20 Dec 2025 13:17:32 GMT",https://news.google.com/rss/articles/CBMirAFBVV95cUxQQmFETlB2SEFXb3NZcWZ1YjRnSFVUZGE3WFJzYUMyN3dZaVRja2xUU2QxZ3BuSmNjXzk0bUlvNllXOHhZVU9FX3JaSVAtYXBTNTFlNndURDNDLTRmNFhTWXh6eTRsdXNrY3RNLUFEc3VLTTVqOGtKN1hvenNVdDNUXzNNUm12dTI4cHFPMXo4djQ4R2JoZHhfbGozdGtHcXliaktSUkkzWGphMkFv?oc=5,1,2025-12-20 13:17:32+00:00
Value Retail,"(""valueretail"" OR ""Value retail"" OR ""Bicester Collection"")",Retail traders who respect market structure and trade alongside institutions improve their win rate dramatically. - Resistance Zone Identification & Low Cost Capital Growth - Bollywood Helpline,"Sat, 20 Dec 2025 18:13:35 GMT",https://news.google.com/rss/articles/CBMi4gFBVV95cUxOSE1mZ0M1cUZ2SngtUnBmMTNaZThuVnZlRkhYRWtjTy1vTXYtYk91MTZrVENnVlhzQmVic3I0YzU1dDBFM0tSd2NkdmIxU2NLWGRWM3VybFZQRXhHZzBXVjA1NzNiR0E2UHJBU1BvUngzRGZaZ0tEWnRielA4UlljZnc3a2tacnFma3RfWi15T2ZqYVppMmItMWVFTm9RRi0yYS0ySjBMUDZYY0NGVW4tY2VBcmhJcGh6OGhCV0NnX25TN2JDd0R2enRXYS1FTERuaFV2aFE1cXFuTGtkLVcxMHNB?oc=5,1,2025-12-20 18:13:35+00:00
BV Logistics Companies,"(""Dropit"" OR ""DHL"" OR ""UPS"" OR ""DPD"" OR ""Flight Logistics"" OR ""Fedex"" OR ""Amazon"" OR ""Royal Mail"" OR ""Parcelforce"" OR ""EVRI"" ) AND ( ""supply "" OR  ""delivery"")",Worker caught stealing parcels from delivery company's York depot - gazetteherald.co.uk,"Sun, 21 Dec 2025 05:00:00 GMT",https://news.google.com/rss/articles/CBMioAFBVV95cUxOOW5QdDc0UHUyblBTV3dVei13SG0yYzZLaUZXVEw3Qm9DR2l2eE1JbkJJeU5BcTd4NWctdUlpSXYzWlVjeVN0N0JXb01vTUNRZktwNldwUWxyZjBMTHRKU0FOMXBsbWZDR24zNUZSOXBXSnhkbUZrVjhzRTBKa0dVNmlybEU3WTJSLXY3bnpvam5BcDFzNkRHUkt5WlRoMXdo?oc=5,1,2025-12-21 05:00:00+00:00
BV Logistics Companies,"(""Dropit"" OR ""DHL"" OR ""UPS"" OR ""DPD"" OR ""Flight Logistics"" OR ""Fedex"" OR ""Amazon"" OR ""Royal Mail"" OR ""Parcelforce"" OR ""EVRI"" ) AND ( ""supply "" OR  ""delivery"")",Royal Mail updates today with 92 postcodes facing Christmas delivery delays - full list - OK! Magazine,"Sat, 20 Dec 2025 18:43:38 GMT",https://news.google.com/rss/articles/CBMiigFBVV95cUxOVFRUS3Z1ai1PR1NVZHNydzVDdTgtX0p6QWhHZ3NPckl4Y2tPSU5hcmxPQlR2XzY0alRMeHhDcmFQZDFKY3dMMGdGZFJReFlwalhDYlBHOHVCSlJubXhVSktSNWZZc0dkc2tlS2tlcF95bTlQZzhmM3FOMXpEMG1DVTJvZC05aDdsMGc?oc=5,1,2025-12-20 18:43:38+00:00
BV Logistics Companies,"(""Dropit"" OR ""DHL"" OR ""UPS"" OR ""DPD"" OR ""Flight Logistics"" OR ""Fedex"" OR ""Amazon"" OR ""Royal Mail"" OR ""Parcelforce"" OR ""EVRI"" ) AND ( ""supply "" OR  ""delivery"")","“Customers value low prices, vast selection, and high levels of convenience over delivery speed.” On #YoungTurksReloaded, Udit Madan, Senior VP of Amazon Worldwide Operations, shares the future of delivery: “Customers will still want millions of products - LinkedIn","Sun, 21 Dec 2025 03:30:16 GMT",https://news.google.com/rss/articles/CBMirwFBVV95cUxQWHR2cW4tY1ZWNTZIWm4xZmZHYVZEa2xBTF9mWDBERG52US1CQVUxUjlPSXFOTVRMMFhHSExDZHQtOTluZzFSVTNOYTFRRWFyRDJqenRRZDNmSWpLWFRwbjQyOHVKRkl0NUVyNWhfNXdxcjIxc1hjeGhfOEtZazVkTzh5RFlERmFrWXBzaFVJbHdpcnVPazE2alhhN2lORE9SSnVIQUQySDhwbXVFb1Nn?oc=5,1,2025-12-21 03:30:16+00:00
BV Logistics Companies,"(""Dropit"" OR ""DHL"" OR ""UPS"" OR ""DPD"" OR ""Flight Logistics"" OR ""Fedex"" OR ""Amazon"" OR ""Royal Mail"" OR ""Parcelforce"" OR ""EVRI"" ) AND ( ""supply "" OR  ""delivery"")",'Horrible': Amazon bans delivery worker after doorbell footage revealed he stole a cat from California home - MSN,"Sun, 21 Dec 2025 02:40:34 GMT",https://news.google.com/rss/articles/CBMi6AFBVV95cUxNVmJkZ1FMVXlrc1JHRjRWSmJEQk5mRmpKbDFyd0d3MGIycndKNjRLdVppc1hjR1VEN1BvSzh1bUk2b3BWc01KNlFmYjlaU2p1ZWFIdmVBdlNDUzB3V0RqMWg1Q3dyN1gyaExWbGVoLUZWTktBZERpV1VhTmlWN3VmTnRScjZCWlNoZFduZkFHb3pBYjRwNmZpQ3RNTmVpaVJpR1hLRTRCSWp6ZkxValhMLUhaMmxoOFJoUFBxSUxrVTVQREhCNnhCMVo0ZTBlbktRLTNObXY2OWt6NDFvcHdSRFhXQ3BQN01T?oc=5,1,2025-12-21 02:40:34+00:00
BV Logistics Companies,"(""Dropit"" OR ""DHL"" OR ""UPS"" OR ""DPD"" OR ""Flight Logistics"" OR ""Fedex"" OR ""Amazon"" OR ""Royal Mail"" OR ""Parcelforce"" OR ""EVRI"" ) AND ( ""supply "" OR  ""delivery"")",Last day for Amazon shoppers to order Christmas gifts without $14.99 surcharge - The US Sun,"Sat, 20 Dec 2025 15:10:53 GMT",https://news.google.com/rss/articles/CBMimAFBVV95cUxNTXl6V0RjMy01VFpSeTJSamMxaHlHVDVPQnU5ZFBqdHdxeW5uUldoRjFjQ2ZQeXByel9BcXl2N3lQNnd0QmwxYU8tNUxMZmZQX0taeFdWQlRIaUowZGMxcDU1R3NOeFpDRm1RaUxsRUdGZHRoR0ZvSEk3OHppb0hITnkyeUJFOEl4cUVnRHZUcEVCVkZ3UFJicQ?oc=5,1,2025-12-20 15:10:53+00:00
BV Logistics Companies,"(""Dropit"" OR ""DHL"" OR ""UPS"" OR ""DPD"" OR ""Flight Logistics"" OR ""Fedex"" OR ""Amazon"" OR ""Royal Mail"" OR ""Parcelforce"" OR ""EVRI"" ) AND ( ""supply "" OR  ""delivery"")",Woman claims Amazon delivery box came stuffed with hundreds of blank ballots - AOL.com,"Sat, 20 Dec 2025 14:34:35 GMT",https://news.google.com/rss/articles/CBMiggFBVV95cUxPWHlJdEh4OVBjSFFPWUhjRTZZcTFpbzVXV0c4Sk05UnlrVmNxTnhLa18tLVFHb0NvQjJCT0VKLXcwTnpKV1FBNHROai04QmxxQW5VUFhhR293VlJ1VzBUMC0zSU5wSVUzYmdxUkNIM20zaUpVOF9vZDM1VFRScE14RW9B?oc=5,1,2025-12-20 14:34:35+00:00
BV Logistics Companies,"(""Dropit"" OR ""DHL"" OR ""UPS"" OR ""DPD"" OR ""Flight Logistics"" OR ""Fedex"" OR ""Amazon"" OR ""Royal Mail"" OR ""Parcelforce"" OR ""EVRI"" ) AND ( ""supply "" OR  ""delivery"")",Is there still time to ship Christmas gifts? See shipping deadlines - Detroit Free Press,"Sat, 20 Dec 2025 11:01:00 GMT",https://news.google.com/rss/articles/CBMizAFBVV95cUxPNGk0dl9oOXRidHB2T1BKeElKTXlXbXY0TjZWejlUYlBUVFRCMnpKcEZiYkFCWV9Wc0NYcVJZMmsyX0pxTjBpX2w0NVVmTFpIMUFMZC1PMmNoVzN1NUs1eHZGREY1V0tuWlJhbzEwYk9QUGJYNVAxZVNfS21GT3llZ1k2ZVBGLWZwRHE0UVpCVWl0M1puY0hRZ1V4RkZYUkN4bTNraTJhSm8xUlVkRVpNQkY5eG52ZmF0TzRDRnhqemUzWWdWaDQ0NnE3dnE?oc=5,1,2025-12-20 11:01:00+00:00
"High Level City searches   Germany, English Terms","( ""Frankfurt"" OR  ""Cologne""  OR ""Munich""  ) AND (""Bomb"" OR ""explosion"" OR ""shooting""  OR ""Stabbing""  OR ""suspicious package"" OR ""unattended Package"" OR ""explosive"" OR ""bomb threat"")",Nico Williams transfer bomb: Spain star ‘determined’ to move after 10-year deal agreed - FootballTransfers.com,"Sat, 20 Dec 2025 12:46:00 GMT",https://news.google.com/rss/articles/CBMi8gFBVV95cUxQNHBSWUJiREZXaDB4VnpwMlR5eml0ckJILXZtZnBuWmhzM3NRYmpkTDdMRnZnVEczTm5UVWZBMUVxQkloNDRVZmdjZXRfNThNdW94Q2MyM01xekd4aDkwNEF3NjZtdXhYcjdCRS1JbHlHWmQ2UjFtM3U1WFBWQlIxN0txdjNsS2ZGMVZmaGk2QVVPeTJXSWZIeThVTkJRWkZzOHRSbEhuMzVJUm1sTDhMQWJrUV9IeDEyOGNZLWtiNzVBYXhfZlY5Tk9lcDNUSTNidGRCUFhGTUNsOGFYVElXRk1HZW5GWk1teW96d0xuTDl0QQ?oc=5,1,2025-12-20 12:46:00+00:00
"High Level City searches   Germany, English Terms","( ""Frankfurt"" OR  ""Cologne""  OR ""Munich""  ) AND (""Bomb"" OR ""explosion"" OR ""shooting""  OR ""Stabbing""  OR ""suspicious package"" OR ""unattended Package"" OR ""explosive"" OR ""bomb threat"")",Super Tannery Limited Stock Recovery Path — Analyst Breakdown - Industrial Stocks Review & Explosive Profit Growth - Bollywood Helpline,"Sat, 20 Dec 2025 18:50:25 GMT",https://news.google.com/rss/articles/CBMiuAFBVV95cUxQY0FfWmVOTFJxWW1xanFLNmJ2SllBaW84SElydmhLaFNGYmhPWW5iQzlQVzVTVWY3QmQ2QWtMa2dTc3hSNE5pcnhxU01qXzZEYmNuSXZHMzNkLWxmdHJ6N2VIRXY5YVhya0VjczFBQThRMUhmVW93SjBwWUNDQUJuYzFGbWxqbkhKVElSbl81WmZDQnNxUEdGLXhTeVlxSkk5OTVaMFd6U1FEcXFPZWw5ckNXN05VQlNE?oc=5,1,2025-12-20 18:50:25+00:00
"High Level City searches   Germany, English Terms","( ""Frankfurt"" OR  ""Cologne""  OR ""Munich""  ) AND (""Bomb"" OR ""explosion"" OR ""shooting""  OR ""Stabbing""  OR ""suspicious package"" OR ""unattended Package"" OR ""explosive"" OR ""bomb threat"")",Leverkusen beat Leipzig to move third in Bundesliga - NST Online,"Sun, 21 Dec 2025 00:28:37 GMT",https://news.google.com/rss/articles/CBMipwFBVV95cUxOZHltVUdfY2JoQmdaenVXLVl3SVhMVGRnTjdmdnc2VEllaHNZamtQa0EtT2xpNE9sWF90ZnE4akpZQU16Uy1ZRWlReHFVM1lORmFWRG1mTHNCZTRueG8xckJIenduM3VkSWIzaDJkX2xNYmQyTE1jN3NlbUJaWDdlY1hEclNlRDJyWkh4YlMwNGlyMUZiV2NmV3BXcTlIcXgxeE8yYkd1MNIBpwFBVV95cUxOZHltVUdfY2JoQmdaenVXLVl3SVhMVGRnTjdmdnc2VEllaHNZamtQa0EtT2xpNE9sWF90ZnE4akpZQU16Uy1ZRWlReHFVM1lORmFWRG1mTHNCZTRueG8xckJIenduM3VkSWIzaDJkX2xNYmQyTE1jN3NlbUJaWDdlY1hEclNlRDJyWkh4YlMwNGlyMUZiV2NmV3BXcTlIcXgxeE8yYkd1MA?oc=5,1,2025-12-21 00:28:37+00:00
"High Level City searches   Germany, English Terms","( ""Frankfurt"" OR  ""Cologne""  OR ""Munich""  ) AND (""Bomb"" OR ""explosion"" OR ""shooting""  OR ""Stabbing""  OR ""suspicious package"" OR ""unattended Package"" OR ""explosive"" OR ""bomb threat"")",Bayern Munich plotting €50 million move for Bruno Fernandes - TheHardTackle.com,"Sat, 20 Dec 2025 20:30:48 GMT",https://news.google.com/rss/articles/CBMitgFBVV95cUxOdmhPRXN2cDNISmdScmhXS25CY29YU3NLNzlYczYwZ21tMjNPNkZCVy1xVnl1RWtjYjFpTzl3aF83Tm5SektTelFrNlBfZGpYaXR3aU0zcnRyMXMzSmhiNzFMT3NGZTI4VlJZLW5OYWRHZzZreDJ2N2lkYnhDVHR4Qk1pQ0VkY2ZRbXBlVHdpOGF4UHBJVE5CR1gxTTRwbHlHN2dTMTh2UFNsbWRONmhSeVk5NkZkdw?oc=5,1,2025-12-20 20:30:48+00:00
"High Level City searches   Germany, English Terms","( ""Frankfurt"" OR  ""Cologne""  OR ""Munich""  ) AND (""Bomb"" OR ""explosion"" OR ""shooting""  OR ""Stabbing""  OR ""suspicious package"" OR ""unattended Package"" OR ""explosive"" OR ""bomb threat"")",What next for Mo Salah and Liverpool after explosive outburst? - MSN,"Sat, 20 Dec 2025 14:18:37 GMT",https://news.google.com/rss/articles/CBMixgJBVV95cUxPTXM1Z29vOTN2RWlzYWRjem9oLVFBd1lUVVhqMmRrVWh6UHZrNGxKcVBPMEpuVEZnWVlJWTRmVTRROWFFU3dzTU53cDk0b05mQTZjazlSeHN3Z2dHRjJkV2pUS1NnVjZwNVl0ZEtXODlNQUwxVHo4dE55NUxDT09sellUOGlBZlpNRkNsR0F5ekRTcDNMYlR4bmlRcnhQZlBHcUFoelc4U0dGbUZqSFI1QW5PcC1tVmxfRUUyaE1RbHMwTFFkQXo4R3Jka3g1UThETFNOSUx6cS1PdlQxQ0NRdU1oakxtcnhubTV6SkhjeTZGRHNoNGMzeXk2RE90alVhNDBfWURibk8xU0xWZ3Z1T1I3QVpWenhzVG5ZVmVyay1vQVJqSHc5TlRyYUlWcF9RbVQ5dzNUa09meGpCYjk0dDRYUlJaQQ?oc=5,1,2025-12-20 14:18:37+00:00
XR and JSO Broad search,"""Extinction Rebellion""",20/12/25 Extinction Rebellion ‘Closes the Door’ on government inaction over 1.5°C target - Extinction Rebellion UK,"Sat, 20 Dec 2025 12:10:48 GMT",https://news.google.com/rss/articles/CBMiuwFBVV95cUxQLXV2WDJyUDNIbnF3Nk5SUzUtMmhFaWk4N21jZmhQcVROdmt4NXJUbzBtRjQtakdBNHFfdm8zY0pwNEhNaGVMV0NvcHRlelRGSE4tSmhZZ2F3U19STUF3WEtjZ2ZFeWVCV2drSEdZaXVwOEtzaHV5cG9WSUkzaDlkRHJGOXhudkxnWF8zRnQ1RkstRTRscU5tbXpiWEd2eXY0NVhmcTFuYzdKblRUMmx5TGpSZ0RnemcwVFJB?oc=5,1,2025-12-20 12:10:48+00:00
XR and JSO Broad search,"""Extinction Rebellion""",Extinction Rebellion Winchester project environmental warnings onto cathedral - Hampshire Chronicle,"Sat, 20 Dec 2025 11:12:08 GMT",https://news.google.com/rss/articles/CBMipgFBVV95cUxQemZXNFFrMnBfVGNRZHQwS29oTnlaMmxBT0lQSlZBbC1vNVpWX0JmVkdyNkdXVTVtaTU5MlBDM1VTWHhCS3VPZnBmWW1XczFGc2dJZWNuZ2JZOTNSaVBydXYtTmpnWDloMTBrNURfWHlydmNIc3RENkpzTEs1TzV1bkRGeV83TGp6bXVxVmZyNGhoaWxacEx5cTdCT1llelRqUy1pdlNR?oc=5,1,2025-12-20 11:12:08+00:00
XR and JSO Broad search,"""Extinction Rebellion""",Greta Thunberg banned from Venice after activists dye Grand Canal bright green in protest - AOL.com,"Sat, 20 Dec 2025 17:06:56 GMT",https://news.google.com/rss/articles/CBMiigFBVV95cUxOcXpqaExYTWVYWlhQOTJlT0pFNGE0anJnQ2x2UEJsWWpVVjJqRjVibVM3RVJxZkx5UWcxcWxUWG5uN0k4RzR0QW5nY0w3eTlEUnNCU0xydWxLcGZ1Ml9fQ3RpZU5FdDhaekRpWm90ZWgybXNKZFpzOWJicG1fcHpSSVhqLWJ6Z04tUFE?oc=5,1,2025-12-20 17:06:56+00:00
Shoplifting UK,"""shoplifting gang"" OR ""shoplifting trend"" OR ""pickpocket gang"" OR ""theft from person"" OR ""retail crime"" OR ""shop theft""",Ex-footballer claims he's not guilty of B&Q theft as he suffers from 'memory loss' - Chronicle Live,"Sat, 20 Dec 2025 14:54:00 GMT",https://news.google.com/rss/articles/CBMimgFBVV95cUxNTUg2OC02M1ZONF83RXFDdVZpXzdlallSa1Y2b0pkS0RWM1VYX3ZTTFVqNGdPQ1NkT1gxREc4aE5PRlhOS08weDhIRHJRZl9oTVZsOUN6d3VvdDltaXM2ZjAxV3ZXZUlWSWlvREVDTE1wUGQxenpkalNKMDZ4YVlkYjliWXdsUXJ0SEMtMUtHUk1Qbk0xLUhieTl30gGaAUFVX3lxTE1NSDY4LTYzVk40XzdFcUN1VmlfN2VqWVJrVjZvSmRLRFYzVVhfdlNMVWo0Z09DU2RPWDFERzhoTk9GWE5LTzB4OEhEclFmX2hNVmw5Q3p3dW90OW1pczZmMDFXdldlSVZJaW9ERUNMTXBQZDF6emRqU0owNnhhWWRiOWJZd2xRcnRIQy0xS0dSTVBuTTEtSGJ5OXc?oc=5,1,2025-12-20 14:54:00+00:00
Shoplifting UK,"""shoplifting gang"" OR ""shoplifting trend"" OR ""pickpocket gang"" OR ""theft from person"" OR ""retail crime"" OR ""shop theft""","Thieves claiming to be modern Robin Hood broke into a large supermarket in Montreal, Canada, dressed.. - 매일경제","Sat, 20 Dec 2025 13:44:05 GMT",https://news.google.com/rss/articles/CBMiT0FVX3lxTE05UTZEMXgyTjZhUkhZd2hiVDZma1FuUHhBLW5oYmwxb3E2eWpBQ1c0MEhoZDg2RW8xV1FxQktJaDhqY2RmUkZWMGVwV0kzQ3c?oc=5,1,2025-12-20 13:44:05+00:00
Shoplifting UK,"""shoplifting gang"" OR ""shoplifting trend"" OR ""pickpocket gang"" OR ""theft from person"" OR ""retail crime"" OR ""shop theft""",Gift wrapping in Red Deer benefits Central Alberta charities - centralalbertaonline.com,"Sat, 20 Dec 2025 18:31:41 GMT",https://news.google.com/rss/articles/CBMipAFBVV95cUxObXpxdlp0NndIejNKWExtSktHSU02ckRRUWhTNVhzOEtuX0xGamJhd040bUFZMVNSSVRjQ01TMjRSdHZiRlBxcTdOWE9qZnRpTGR2YndyR2IxVDE1UVhiT29vWHRjMmVoZjZVVDQ4UFBXWElESFVaZ0RJdG90QTYzMS1xVzNrYklqWlhYa2daeHdzNXMtaFR3OW9zS2tMbjlNSk1meA?oc=5,1,2025-12-20 18:31:41+00:00
Shoplifting UK,"""shoplifting gang"" OR ""shoplifting trend"" OR ""pickpocket gang"" OR ""theft from person"" OR ""retail crime"" OR ""shop theft""",Santa-Clad Activists Steal Groceries for Needy - 조선일보,"Sat, 20 Dec 2025 16:46:55 GMT",https://news.google.com/rss/articles/CBMihAFBVV95cUxOSU0zOWJkblBLYlFDbzVmSlVWSkZIcTk3cUZHVzVPUnhJSVFUWnRSUlV0dWoxdTl4SFhoTm5BMHJvaE9kWW5sRmQ5QThnWS1jWnN1enpnU0VsZkpQcV80NGFKMThtQ0hkaXJTSl9kcXhDc2gtdWVKMUd0RUp3MWVuR2lBZ2Y?oc=5,1,2025-12-20 16:46:55+00:00
Shoplifting UK,"""shoplifting gang"" OR ""shoplifting trend"" OR ""pickpocket gang"" OR ""theft from person"" OR ""retail crime"" OR ""shop theft""","Saskatoon police briefs: Woman, 53, charged with $340,000 bookkeeping fraud - 980 CJME","Sat, 20 Dec 2025 19:15:00 GMT",https://news.google.com/rss/articles/CBMinAFBVV95cUxPRThXSUlJVDB0OGVzSjhtRGZQRGtSZnJXRTJCcVFka1F2a1gwNnNPckFnRG90RUFmOXh3b2dMcEYwXzZkSDlfVF9qZFJYSG53Q0E3Y0twWGptdzMwR1lDR2ZpRUlIWGNVa3NtbEFmajBKLWp1elZFUWR0eldMYTlsRVUwOXZtRF8xVUJ6clFOb1pjWmRvVVJGZWluTjM?oc=5,1,2025-12-20 19:15:00+00:00
Shoplifting UK,"""shoplifting gang"" OR ""shoplifting trend"" OR ""pickpocket gang"" OR ""theft from person"" OR ""retail crime"" OR ""shop theft""",Red Deer community delivers big for Cram the Van toy drive - centralalbertaonline.com,"Sat, 20 Dec 2025 14:31:37 GMT",https://news.google.com/rss/articles/CBMiogFBVV95cUxOZGNQdmxXdnFtRkpIUzNxQ0lHdGNReDdyUWFOaDluMzhGX3J0WXVUa3RrQ1hKMmRjbWU5SVVaaUJEYmZUcjQxSmZoTXdENzNreHNTQktUMXotQTBHU0lsUkUzN3M0S2hOWktlVzl0UnpUck4tYkI2eGJ1eWtLbi0tcEJzZE9fdkVYdjdtMUNnU3h6UUlMeW9kalUxX1habzhJQXc?oc=5,1,2025-12-20 14:31:37+00:00
Shoplifting UK,"""shoplifting gang"" OR ""shoplifting trend"" OR ""pickpocket gang"" OR ""theft from person"" OR ""retail crime"" OR ""shop theft""","Shoplifter jailed as police crackdown on ""opportunistic thieves"" - Lancs Live","Sat, 20 Dec 2025 09:52:02 GMT",https://news.google.com/rss/articles/CBMi-gFBVV95cUxPZVhKR2JTRF9DZ0ZIQkd3T2xTc05LMjVrZ0swZ21HeUpKUkYta1FwV29xMkRsdE1nSVV5TDlsTXVzZ0pPSzhoclF0Sl9OLVZaa3JlSFdNdWpWRVFXZGNWZDM4OFRESEgtTTNGeldiekswTDZ5eFN6UEdvTGFaTjFyVDYySHdSNkhld2F3eUVQVnFHUWNRSUVmbUpId1dxY0l0YldvNHI0amNtRmxWSnI2dm10RFBXTkxrTUpneEJHX2JYcGF0TGlnaGpKUjVBNXBRcEdmZHNGTGxDT0owaUQ4VDVuZ01wd1ZSYWNsa3o0R3lQSW1fRnFWWDF30gGoAUFVX3lxTE5DcEN1Y3JxRVBvTTJrd2FzX0JqUHJPYXktOExPRXZFcXc0X250UVp2SUNaZ3NZZ3l1QWw4WWlqOU1Za3ptUUU3OE5DWlZKRFZwTGhKYlQwWjdJUThUUi1zQkZ3OElvNml5bnFRUkZiVm41N1RveXk3R3V3UU5uV2lOUGVVeTN2Z1lmdDdwbnMxYXVYemdfdmp4MGlnMU5aeWxwYS1GakoyYg?oc=5,1,2025-12-20 09:52:02+00:00
"High Level City searches   Spain, English   language","(""Madrid"" OR  ""Barcelona"")  AND (""Bomb"" OR ""explosion"" OR ""shooting"" OR ""Stabbing"" OR ""suspicious package"" OR ""unattended Package"" OR ""explosive"" OR ""bomb threat"")",Family of man shot and killed driving near Madrid asks public for answers - KRQE,"Sun, 21 Dec 2025 05:00:00 GMT",https://news.google.com/rss/articles/CBMisAFBVV95cUxPQzRta2k3a01EbTNobWdjbmhnSXN1NHBkaWZzWDM2MlA0cUpsSjg5T3JsZFdPLU5qY195VlplYkJlR3VZNVpOYWMwNC04ZGxyVWRHOEpPeWFKVWdMclgxVEFRd2FqNUNnMUVPNnZ5SnN5dVVCUXRDdHc5RnFrbU5xSkh5N1V1SnF6RU1NRXF1TTQ2bUl2Y3RWcHZJbWVRc1htaHFRcFpVWGpORVFNRFZrQ9IBtgFBVV95cUxOY3Z2Vk9PcXRJdEY0UG5mR19nQjM2cEJ4Z296OGZaMjRmOG9WT0I2d2RqN1hjblFRXzZ0NjZnb0M5bEw2dlV2T0pCX0hCQW9neWxTVTZrMVNZaEpBMThaRlhYODN0YnB6WWRfMEs1QjI4OUdyU2RaNTZhWEpKQnZKSVlELVBCWGlhRGh1UWdqV3YzZVpxRnExVG1jcjNDeVlIdlNrQTJ5Uy1EODBPajBnNHRaR2lpZw?oc=5,1,2025-12-21 05:00:00+00:00
"High Level City searches   Spain, English   language","(""Madrid"" OR  ""Barcelona"")  AND (""Bomb"" OR ""explosion"" OR ""shooting"" OR ""Stabbing"" OR ""suspicious package"" OR ""unattended Package"" OR ""explosive"" OR ""bomb threat"")",Ecuador defender Pineida killed in shooting - MSN,"Sun, 21 Dec 2025 03:07:53 GMT",https://news.google.com/rss/articles/CBMilwFBVV95cUxQLTZQS1UyZ3c5MlhoVkFoREdweDdFYUtRR1Q0czVaaFp4YUZwaGd4S1I0NVpiZkRPbk1KdTJpa0VyTHZCWVIxOV9aRDZQTGVTc01ZV3lPa2RHZDhYYmlOZFNPMjVrRWFNeDdFSThWcUJ6djI4S1NibWZ5QVY4X1RPcGMwNjVheUFESFNTanM4X0l0Sk5IYk5J?oc=5,1,2025-12-21 03:07:53+00:00
"High Level City searches   Spain, English   language","(""Madrid"" OR  ""Barcelona"")  AND (""Bomb"" OR ""explosion"" OR ""shooting"" OR ""Stabbing"" OR ""suspicious package"" OR ""unattended Package"" OR ""explosive"" OR ""bomb threat"")","Real Madrid 2-0 Sevilla (21 Dec, 2025) Game Analysis - ESPN","Sat, 20 Dec 2025 22:52:14 GMT",https://news.google.com/rss/articles/CBMiZkFVX3lxTFBwcGNtOE50VjBFNjc4bnpTVmpWU3dwUlVrcm5pcktJYzlUTUdzb1hnOEF4LXViMG81ZmpyYlVrSURTaEtTM3FhbzI1SE5IMUg1MkEzZ1NITk9oSlNiLUdmRnA0VGsydw?oc=5,1,2025-12-20 22:52:14+00:00
"High Level City searches   Spain, English   language","(""Madrid"" OR  ""Barcelona"")  AND (""Bomb"" OR ""explosion"" OR ""shooting"" OR ""Stabbing"" OR ""suspicious package"" OR ""unattended Package"" OR ""explosive"" OR ""bomb threat"")","Bellingham and Mbappe's goals decide, Real Madrid don't count on Sevillian - Balkanweb.com","Sat, 20 Dec 2025 23:00:42 GMT",https://news.google.com/rss/articles/CBMipAFBVV95cUxOWHg0ZGszMWNDdUhkb25Bd3hybVBoWUplelBzTU9jM0JfanJlbldwU1l2SGlnNm9KZkppSnRPckl2Wk5zVHl2OVlVeVotNW9wSzRLNTc5WjE2UlRaMUlfNDNQOFUwNjdmazRiTUlRVHppQ2FwN3BUM0M1dkpaRWlncHNBaDdkVXpObld5M0ZGNUNnVkE0NDAxRnN6WUdLYVllemtBTg?oc=5,1,2025-12-20 23:00:42+00:00
"High Level City searches   Spain, English   language","(""Madrid"" OR  ""Barcelona"")  AND (""Bomb"" OR ""explosion"" OR ""shooting"" OR ""Stabbing"" OR ""suspicious package"" OR ""unattended Package"" OR ""explosive"" OR ""bomb threat"")",Fernandes wants Man Utd to beat Real Madrid to 'rare market opportunity' - FootballTransfers.com,"Sat, 20 Dec 2025 18:44:00 GMT",https://news.google.com/rss/articles/CBMi1AFBVV95cUxNbjZxQ3lNTWhiT1FUeEwwODdWcl9HcnA5bkNtaENadHNOWVFZNDhmMUE1SEZNWlRtbUROVWlMTnpaOEFmLUlta0djSEZ5WG5yZ1NzNnRCbThITF9RQ0s1UkYycEJDR2xDbVdhZzhEaWQ4a1JkanN6T0Y3YTlaNjBhUVpxLUVveGtYSEtsRE1BT2k4ZExnWXpGdmtCalktYVFCa2dNSmlVYzhMdC1vT0U1WXUyaVhKZFpIalVYUlUzZ0JMeUI2by03a2hYRjB5RXY5QVhJZA?oc=5,1,2025-12-20 18:44:00+00:00
"High Level City searches   Spain, English   language","(""Madrid"" OR  ""Barcelona"")  AND (""Bomb"" OR ""explosion"" OR ""shooting"" OR ""Stabbing"" OR ""suspicious package"" OR ""unattended Package"" OR ""explosive"" OR ""bomb threat"")",Real Madrid. To replace Alonso... Ancelotti! - MSN,"Sat, 20 Dec 2025 12:38:59 GMT",https://news.google.com/rss/articles/CBMilwFBVV95cUxOMjY0SlN1YTRsQ2VpTTAzVjlWWXdqSGxIdlBCdkdxVW1WZWxhaHVWWHpoRi1KV0dJZk5Sb3Q0eGpnNmg5YnhTMVI5X3Awb0kwckozWkJ2NXJSQXRYc1lzekVqMF82NFdPSGdvd2J1cEJDUW40ODluT3BNekJ5QXUzUDRQOExuVmVMMVFLUDRodnJ5c0xValRV?oc=5,1,2025-12-20 12:38:59+00:00
"High Level City searches   Spain, English   language","(""Madrid"" OR  ""Barcelona"")  AND (""Bomb"" OR ""explosion"" OR ""shooting"" OR ""Stabbing"" OR ""suspicious package"" OR ""unattended Package"" OR ""explosive"" OR ""bomb threat"")",Mbappe equals Ronaldo record in Real Madrid's 2-0 win over Sevilla - NST Online,"Sun, 21 Dec 2025 01:18:47 GMT",https://news.google.com/rss/articles/CBMiywFBVV95cUxNRUlxaUlDWWh5NUsxZldnZ0ZLVGlySk1XZmVmalNVWU1vcU0ycFhDdmxhRTVaLXlhdXpBdnBlUXhuTzNiTU4wX0lqVkQxQVJxNVpHSnZwTEF5aVNYRGlnNVQxNy1hYkdzbWYwdTBpdGtJMnRSSzd4U0tlRERPa2c0U280NnNWcUN4c2l4UlhHTjY4Z2MtcTJvNW9NQzdnUzRZVGFyTVFHRkpaOV9ERzhtZW5zelRMa0pfMGhWVnVleXB6QzNQMUNCOGtLTdIBvgFBVV95cUxONmNlX1MwQzJaXzdZLU8wMlhaaW9iQV8wMmtSSGN2MkFmR1JxakUyVjBLelU3emVFUV92cG9zQmtVV2t0dlBkZy1SdldfdjBZZElDbEVaeS01OFlYMFpUWXFUQXZ3NGtybmt4NzFKclJPNEQweTlNMUdZVzFhMGc1Z0pCZjB6Q1gyam9feHlEVklGaTdHdXdZSUZJYTV0X1FBcGxES0VaX0l2eDdrak12SkQ3WDQzS25FTDVDM0N3?oc=5,1,2025-12-21 01:18:47+00:00
"High Level City searches   Spain, English   language","(""Madrid"" OR  ""Barcelona"")  AND (""Bomb"" OR ""explosion"" OR ""shooting"" OR ""Stabbing"" OR ""suspicious package"" OR ""unattended Package"" OR ""explosive"" OR ""bomb threat"")","The horrifying moment former international footballer, 33, is gunned down at point blank range by two gunmen after he begs for mercy - Daily Mail","Sat, 20 Dec 2025 10:09:50 GMT",https://news.google.com/rss/articles/CBMipgFBVV95cUxQOXViRXNVVy15aVVTQXp3NmkwY0FqalFIbUlGdVJqZXFwZUtjRUQ5Yzk5ZzJfcUpLWkhnNUFNZE9ZQTlnOF82QXluNU5yOWR6TDFtTmxlV0gzLV82UFFCWUE2bTVwVG9zVkNwXzJNZmlmWVhidldfSFBXTm1CbTVpQzB4MTlCMVo4aGQwMmhpejRnb2dzcG5TNmdISUkzakg2QmhXN0930gGrAUFVX3lxTE5TcVR5T21CbkdlMDFQaUZIRDV6N2xyNEp6S2V3dGJCQkZTaWZaOXdEd21CTWdkVVpNaXNzcXJlN2QzNk1IMmpheDlTT3k1Q0lfX2xfX3Fqck5XSmh0LXBZdUdjMG5xQWVjUi1ldUN2Y0stVDZkR0dxbFhVSnZGdTlpc1paNkM0dXJEbVRMdHBqeGp2WThoeDZYQmlEZmV3SUsyc3RsMUhsOTY0OA?oc=5,1,2025-12-20 10:09:50+00:00
"High Level City searches   Spain, English   language","(""Madrid"" OR  ""Barcelona"")  AND (""Bomb"" OR ""explosion"" OR ""shooting"" OR ""Stabbing"" OR ""suspicious package"" OR ""unattended Package"" OR ""explosive"" OR ""bomb threat"")","Amsterdam, Brussels, Madrid, and Lisbon Join Rio, Recife, Fortaleza, Maceió, Salvador, and Natal in Brazil’s Massive Airline Expansion! - Travel And Tour World","Sat, 20 Dec 2025 08:01:57 GMT",https://news.google.com/rss/articles/CBMihAJBVV95cUxOS0NESEM4em8zZ3ctTC1Kdk5LZld4b1JmQWNLcHZiUUJaM29Cb2hoMGVVN3Fmc3F5VHpTTWo4ZzV0dElFaF9fSHpiRjRiU3R2QkpzSHNOZXhwVWI3alhhdVJ5U2dMX0xNNjBRekdUbjMzM3pZX25pV1NoVGF2dExMTFUzWW93Z0x4UXhYLTlHNGlncHpneUwtN0kyM0lOWG1xLTJSRU9EVC0wZk9VazJfaWthQldWRXZRLXluaWVqUWFjRXhoWjRKRVp2bTkxQ0lFQ1lJY1NESEV2NXM0dHFyVElqZG53N0RXcFc5S1BzMUVLZWM3WmN2VUpYelBnYlZvSE93LQ?oc=5,1,2025-12-20 08:01:57+00:00
"High Level City searches   Spain, English   language","(""Madrid"" OR  ""Barcelona"")  AND (""Bomb"" OR ""explosion"" OR ""shooting"" OR ""Stabbing"" OR ""suspicious package"" OR ""unattended Package"" OR ""explosive"" OR ""bomb threat"")",How game planning creates explosive passes on the Green Bay Packers’ defense - Acme Packing Company,"Sat, 20 Dec 2025 22:32:59 GMT",https://news.google.com/rss/articles/CBMi2wFBVV95cUxNeE9DZE5LdXkyU0FLU2hCVzhNT3UySDQ0aWwxMkhMLXFaM0xWc2ZNV3NRWFN3akhhOXloNlF4cjl3Z0hjTXdacjI3VS1CLWR1ZE5wdXRaX0todkM3NFppbXRwM0RxR1lRMGNFdE5BWGs0LTllNHJFWkoyT2JsOXNzeVNOMkR4eGZxWjNJbTBzUzBYaUNJanlOSjJiOHYtdEFkM1A4cklmQXZ5M05IakhJaXJXbzM5UEdMQWNXTzFEeHZDbzhNSTJ2aDRfUXZKM1pNTmRfcmo1ZHZsYlk?oc=5,1,2025-12-20 22:32:59+00:00
"High Level City searches   Spain, English   language","(""Madrid"" OR  ""Barcelona"")  AND (""Bomb"" OR ""explosion"" OR ""shooting"" OR ""Stabbing"" OR ""suspicious package"" OR ""unattended Package"" OR ""explosive"" OR ""bomb threat"")","Fabrizio Romano drops the bomb:'from Real Madrid to Inter Miami, he will play with Messi' - e-noticies.cat","Sat, 20 Dec 2025 10:20:00 GMT",https://news.google.com/rss/articles/CBMitgFBVV95cUxQRUdMem9KV3ZuNzMzVVhFR3VhZjlrUlI5Um1Vd2lmdEFBVXlEUC1pNzRudW9iYUpFSUE5YUlXYWRqeGJ0UVpMY0JoSkdUS1ZvbkJjTmU0WTN0NkFteVNVRXpCTXkxSmhOVnNlT1E0QkdDdzl4Wm5yR2JhWTQyZTJoRTlqdTZmdlFyel9RMldDVXZwOHlwQ1ZNSEw1bzRRZXo0V1h3dnhQZk8tWU1VNDRadTlfcUh2QQ?oc=5,1,2025-12-20 10:20:00+00:00
"High Level City searches   Spain, English   language","(""Madrid"" OR  ""Barcelona"")  AND (""Bomb"" OR ""explosion"" OR ""shooting"" OR ""Stabbing"" OR ""suspicious package"" OR ""unattended Package"" OR ""explosive"" OR ""bomb threat"")",Barcelona increasingly open to signing €40 million-rated player permanently – Report - Sempre Barca,"Sat, 20 Dec 2025 11:40:02 GMT",https://news.google.com/rss/articles/CBMisAFBVV95cUxNTHdnaFRiQnlLZlU4d0NIYnpERTZWenN1QnE0THk4RHRmdDY2R1RuSk9iUTVaTmlNZWtZVXRPSy1aVldmQ09ubS13aWVGal9pZDBMMk5jRExOdTZEcGtPQktDMm90YTcwV3hoSE9TcFZ3aVNWSC1MWDJmS0FoYm56cXlkTEExdHRkMGhoNmE1MkVRRHlNcE1fVC0zS2RvTUpaZ01ObVVjYVpXU1ItazNKStIBsAFBVV95cUxNTHdnaFRiQnlLZlU4d0NIYnpERTZWenN1QnE0THk4RHRmdDY2R1RuSk9iUTVaTmlNZWtZVXRPSy1aVldmQ09ubS13aWVGal9pZDBMMk5jRExOdTZEcGtPQktDMm90YTcwV3hoSE9TcFZ3aVNWSC1MWDJmS0FoYm56cXlkTEExdHRkMGhoNmE1MkVRRHlNcE1fVC0zS2RvTUpaZ01ObVVjYVpXU1ItazNKSg?oc=5,1,2025-12-20 11:40:02+00:00
High Level City searches   UK & Ireland,"(""Dublin"" OR ""Oxford"" OR ""London"") AND (""Bomb"" OR ""explosion"" OR ""shooting""  OR ""Stabbing"" OR ""suspicious package"" OR ""unattended Package"" OR ""explosive"" OR ""bomb threat"" )","Brent shooting: Man, 55, shot dead in London - Sky News","Sat, 20 Dec 2025 11:37:30 GMT",https://news.google.com/rss/articles/CBMimwFBVV95cUxNcGNOWlZQcC1famRtb2Nod05WeE5lSTNFU1YtVFdqczk0Mk1QQ1NWWFVTeTBvc3J5Tzl3Zk90dmxaNEgtbFVTYW84dU03b2VfUG95TDF5VFUyTkd2UkVwQzRuYnlISlNlMlVGWUZmUnZjVW1nNDhKM3ptQlVUdjB5bkJJRVdvQWRPWVQ4VkRWNkl4N1RBZllFaGtIUQ?oc=5,1,2025-12-20 11:37:30+00:00
High Level City searches   UK & Ireland,"(""Dublin"" OR ""Oxford"" OR ""London"") AND (""Bomb"" OR ""explosion"" OR ""shooting""  OR ""Stabbing"" OR ""suspicious package"" OR ""unattended Package"" OR ""explosive"" OR ""bomb threat"" )",'I work near site of North London shooting - it no longer feels safe working in this neighbourhood' - Yahoo News UK,"Sat, 20 Dec 2025 12:24:26 GMT",https://news.google.com/rss/articles/CBMiekFVX3lxTE1hVGc4TGM4RVVGVTI4SW0xQmlIZmVmQy03S3Z1WklDQXBsM1NLOEs4Wm5ybmZmQThiRUhCT1hUUDBDRFFGcllOWEpEUGRqWVpNMlR6Q2lQUFd6WGVBRUluS2xkdWlsVXgwbktEX3hZbnVXSVJYZk1IWlR3?oc=5,1,2025-12-20 12:24:26+00:00
High Level City searches   UK & Ireland,"(""Dublin"" OR ""Oxford"" OR ""London"") AND (""Bomb"" OR ""explosion"" OR ""shooting""  OR ""Stabbing"" OR ""suspicious package"" OR ""unattended Package"" OR ""explosive"" OR ""bomb threat"" )","Man, 40, dies in stabbing in Maida Vale flat - BBC","Sat, 20 Dec 2025 16:32:03 GMT",https://news.google.com/rss/articles/CBMiWkFVX3lxTE1DRGNDYy1OdlQwa1Nhb1VBZmw3X0hwYUx4emZuZktrLXhEb2Y5VjZacmU5U0lKdXZza3RKYnU5Q1ZQbVo3VnVOdWZYQnpnY1FBYUxZZ0MxV1did9IBX0FVX3lxTFB2Rk1mZTNHMm15X1dWc1hoU0dOVW80QTliSmxmQWtMZ2RydzA1cFhHTFN1SE92SW1ISGRCcGtkRlhKSG10cnk5ZXJOMWRLZ3ZTNGhIOVNHZGhvc0xfdzZj?oc=5,1,2025-12-20 16:32:03+00:00
High Level City searches   UK & Ireland,"(""Dublin"" OR ""Oxford"" OR ""London"") AND (""Bomb"" OR ""explosion"" OR ""shooting""  OR ""Stabbing"" OR ""suspicious package"" OR ""unattended Package"" OR ""explosive"" OR ""bomb threat"" )","£20,000 reward announced over fatal shooting of father in London - Roch Valley Radio","Sat, 20 Dec 2025 18:29:07 GMT",https://news.google.com/rss/articles/CBMiswFBVV95cUxQOElmUWVza2hXd1dXWmZqMjRhem9qalBKV3htWTd2ZndUY0ZPYWx5LUhVR2t0X3ZGTTN0b3JfVEl2RXh3UERMS3BDMVhjWFFubExodzZtZGJTeDVNbldOWlotYUVqdTVVbnVvY1FIdG5JLVJtMmh2VFNKcm1UaEhjU2t5N29meXN6RlV5Skk4T0hfc3VlZFozWEVqUHFPa0Jja2EzSTAwRWdVN25JendYVzhwSQ?oc=5,1,2025-12-20 18:29:07+00:00
High Level City searches   UK & Ireland,"(""Dublin"" OR ""Oxford"" OR ""London"") AND (""Bomb"" OR ""explosion"" OR ""shooting""  OR ""Stabbing"" OR ""suspicious package"" OR ""unattended Package"" OR ""explosive"" OR ""bomb threat"" )",Leicester Square stabbing: Security guard who saved child speaks out - BBC,"Sat, 20 Dec 2025 07:53:51 GMT",https://news.google.com/rss/articles/CBMiWkFVX3lxTFBWV2MzWlZtOUZzQkhTTlJDemwyTHJZbFBnbGx1RVZzcGJqRWNIc1JhOFJXa0pCX2VUdFFGQzZxUjdsVFJWcGtPcGhfdGJ3V1NoMEhCbkl5djFlUdIBX0FVX3lxTFBORE9wbU42RjhZNDN4MDlRXzBMMi1JVnJSc3Yzb3h4ZWR2aXl3OUtGR3JaMGhKeHFzQmk0bngxdnpKR0Z5cjl0NkpHY3k0d0ViRG5YWGlORlpBZzBEanhB?oc=5,1,2025-12-20 07:53:51+00:00
High Level City searches   UK & Ireland,"(""Dublin"" OR ""Oxford"" OR ""London"") AND (""Bomb"" OR ""explosion"" OR ""shooting""  OR ""Stabbing"" OR ""suspicious package"" OR ""unattended Package"" OR ""explosive"" OR ""bomb threat"" )","With one year anniversary approaching, still no answers in notorious London shooting case - WUKY","Sat, 20 Dec 2025 15:00:00 GMT",https://news.google.com/rss/articles/CBMiygFBVV95cUxQaFhpbUZWZWFCd0p5ZUw4ZWlsS0RuTHFkcFdENmdrcFR2d2pUZkNYVENuTTdGTU15OU1NM2VKQ3h2VFFoUU9mNG9PaUVOMkp2V01iX0YyUzdzbmlodFlpdnpTVEJnZUZWYWZRSXBNQk9Jdm5xOWhha1NDVG9UOEhkOEZaeHE0bzgyTWFGNFAwZEpoUUR6VTdSZlZZdkdDZVRQQ2QyLW9MMmduekdDdVR3NlMyUVNISjJQTk0tczQwVjMzTzdlVG1CR0R3?oc=5,1,2025-12-20 15:00:00+00:00
High Level City searches  France  English language,"(""Paris"") AND (""Bomb"" OR ""explosion"" OR ""shooting""  OR ""Stabbing""  OR ""suspicious package"" OR ""unattended Package"" OR ""explosive"" OR ""bomb threat"" )",Lily Collins Says She Was ‘Crying’ Filming This Scene for Emily in Paris Season 5 (Exclusive) - People.com,"Sun, 21 Dec 2025 03:00:00 GMT",https://news.google.com/rss/articles/CBMirwFBVV95cUxQUFVwQnlSZWlfRzZ0Q1haamhUbnVJVFR0eHBBY0JyRGRtbzdwbEk5OG0zZElGOFY4UUNzYlAwZ0JzUDdwbWZsSW9iZUljVk1TS2dZWFpqTl84S0pWRVNIelVfSmd2UWpHM2Q0OWh2bzJ0UmxteWtPclpFMExlVGdlYXBoQWlydDhSSDZpbTNLVWVrYXpNMldHblNoRkJSYll1TmtKMW1GRk9sVEkycUVj?oc=5,1,2025-12-21 03:00:00+00:00
High Level City searches  France  English language,"(""Paris"") AND (""Bomb"" OR ""explosion"" OR ""shooting""  OR ""Stabbing""  OR ""suspicious package"" OR ""unattended Package"" OR ""explosive"" OR ""bomb threat"" )",Shooting “Parallel Tales” directed by Asghar Farhadi has concluded in Paris - FilmInk,"Sat, 20 Dec 2025 23:20:14 GMT",https://news.google.com/rss/articles/CBMitgFBVV95cUxQeFBVcEJrdHIySHczM0hRdk1YOGNiMlV0c3RIRGFGSDFVd0RhRnBWejBSaDBFSjViNm1hNklua2JxbFJ3QlVESFZNMnNPQWNiYmRkSHQ3d2VhSkZQLWNtc0c5NzczYjV6ZFYxNENTQXcxM29wVjV0X19VSXBwZkxXb1k3cWJZRUxJejY3S1dScEEzQUw0SF9OTnQzTE5icVJoRlVacVpwYWJRQlZEclZRcEJibWR6UQ?oc=5,1,2025-12-20 23:20:14+00:00
High Level City searches  France  English language,"(""Paris"") AND (""Bomb"" OR ""explosion"" OR ""shooting""  OR ""Stabbing""  OR ""suspicious package"" OR ""unattended Package"" OR ""explosive"" OR ""bomb threat"" )",Lucas Bravo's reduced 'Emily in Paris' role explained - The Express Tribune,"Sun, 21 Dec 2025 00:16:22 GMT",https://news.google.com/rss/articles/CBMikAFBVV95cUxPWVgwa2FzX0tEdEthNjNQdFFEakdWcDNnY09UNnBPS2IyYlVZN0NEMnNqeHlseU9wMUt4UzlQVDl1ODluS2o5c1FZSTR2bGpzdnFOS1BmTmdSWlMxTVpIam52d01QWHhoWVA2M21FUTY5ZTdKWDZqdDdueWE1UHFaaTBiWUxyYU5vUUZMUFV5WnDSAZgBQVVfeXFMT214MzFtVkl6eEtQckNaUXlrQUVfb20yZmJFQm5qU1hJZ0sxVEZPWHFYVFVjSGx5MXhCNTFRbHJTbVVUTFdIQXp0cktiMDhWcHRwM0xOUndTaVV6dzlCNHlaVkZoMzM1dE1tcXJodHc3RjRIZnBYWGlqU25ucGJibW5sY0FnZ1RHMmgtOEozWk9iYzZJMm1TNGc?oc=5,1,2025-12-21 00:16:22+00:00
High Level City searches  France  English language,"(""Paris"") AND (""Bomb"" OR ""explosion"" OR ""shooting""  OR ""Stabbing""  OR ""suspicious package"" OR ""unattended Package"" OR ""explosive"" OR ""bomb threat"" )",New Epstein BOMB: Maxwell Caught Smiling On Cam As Andrew Lies Across Women's Laps | Report - Times of India,"Sun, 21 Dec 2025 02:36:53 GMT",https://news.google.com/rss/articles/CBMi_AFBVV95cUxNZnBBOFFTNFVQemRjcTB0V3ZzYllxVXlBZldJOGx1bW11a0hXenJCeUdnN1g4NmJfTHozeE9sc1R6ZlRjQnBnakVYVmQxZlhPRk9hVTNzOVgyb0FwVmF1NGY1ZW1wY3cyZzk2MmhXc19DbjJWWUE2TThJaU9lZWVzQS1teGw3QWxnX3BIYmUwMTI3bURUc25WcF9Bc0tpSktEdXRBMmJ3VVczYm1Wc2NFb09qNFFfRkVDYkFZaWEwU0tocnBteWFJQ05HVFBPb2NrUk9jWnpxMF9ZSzdpLUJXeVlKUWllSnRoeDhranQ5QzNvSVpzVUJObXVJSHY?oc=5,1,2025-12-21 02:36:53+00:00
High Level City searches  France  English language,"(""Paris"") AND (""Bomb"" OR ""explosion"" OR ""shooting""  OR ""Stabbing""  OR ""suspicious package"" OR ""unattended Package"" OR ""explosive"" OR ""bomb threat"" )","Happy Birthday, Kylian Mbappé! - ligue1.com","Sat, 20 Dec 2025 16:04:06 GMT",https://news.google.com/rss/articles/CBMigAFBVV95cUxOSWtYbDFrUUZlTVlXZHBoNER6cklOWGxtZV9GMEtrWmZ1d3U1ODVvWGtaaHhyOVNOaF9vUzkyY2tDd2MyX0lQaERHWlA4TUplUGRRQTk3QUFVLWlfeHhPTWxDcnRjdUtWUkZIWVFxZWxYUFpRRGxXTjZXTndMWWVxSg?oc=5,1,2025-12-20 16:04:06+00:00
High Level City searches  France  English language,"(""Paris"") AND (""Bomb"" OR ""explosion"" OR ""shooting""  OR ""Stabbing""  OR ""suspicious package"" OR ""unattended Package"" OR ""explosive"" OR ""bomb threat"" )",Suspect in Brown and M.I.T. Killings Is Described as Brilliant but Bullying - The New York Times,"Sat, 20 Dec 2025 23:40:31 GMT",https://news.google.com/rss/articles/CBMieEFVX3lxTE9CYlI3U3dva2xZYzJGb0ViTEhDTjFvTEFBRVVxQWNWbER1eXlvMlMzSW1hczZMSWVuWm1aUVlhdUhYal9tSkJLYVZoZi05UWc0Zm9UQ0R6bENkdVFtVERUU0xvTjZDSFNkUGRLSVNVWHphVFVpUlJaVA?oc=5,1,2025-12-20 23:40:31+00:00
High Level City searches  France  English language,"(""Paris"") AND (""Bomb"" OR ""explosion"" OR ""shooting""  OR ""Stabbing""  OR ""suspicious package"" OR ""unattended Package"" OR ""explosive"" OR ""bomb threat"" )","Taiwan: Taipei stabbing spree was planned, suspect visited area before attack - ANI News","Sun, 21 Dec 2025 03:05:00 GMT",https://news.google.com/rss/articles/CBMizwFBVV95cUxNNUM5ZmItRUNLZmFNOGdqbDFNTWJEc0wtVVUyUS1rVEl4ak5majVmSk9pRW4ybW8tUDRfMVU5QjdpdldBOW1WN1drR1lrbFpDYXlmYzRfc2FrT1AxbEpQc1o3N1hudEZHMFpqMnJzMjJaZW8wOFp6dnh6cmZXN2xSa2QwOTZLTVFSalVLZEpzQjJHZlNjRUxsamhaem9FdnZ0MGlJR2dRYXhVdWtyb2ZONlZadDZ6TnBWMFE3c1hOM3FtbllKdzN3aVI1UHVycXfSAc8BQVVfeXFMTTVDOWZiLUVDS2ZhTThnamwxTU1iRHNMLVVVMlEta1RJeGpOZmo1ZkpPaUVuMm1vLVA0XzFVOUI3aXZXQTltVjdXa0dZa2xaQ2F5ZmM0X3Nha09QMWxKUHNaNzdYbnRGRzBaajJyczIyWmVvMDhaenZ4enJmVzdsUmtkMDk2S01RUmpVS2RKc0IyR2ZTY0VMbGpoWnpvRXZ2dDBpSUdnUWF4VXVrcm9mTjZWWnQ2ek5wVjBRN3NYTjNxbW5ZSnczd2lSNVB1cnF3?oc=5,1,2025-12-21 03:05:00+00:00
High Level City searches  France  English language,"(""Paris"") AND (""Bomb"" OR ""explosion"" OR ""shooting""  OR ""Stabbing""  OR ""suspicious package"" OR ""unattended Package"" OR ""explosive"" OR ""bomb threat"" )",PSG cruise past fifth-tier Fontenay in French Cup - NST Online,"Sun, 21 Dec 2025 01:39:52 GMT",https://news.google.com/rss/articles/CBMiqAFBVV95cUxOS0xvZ0RSMG8ySkc4YmJZYTduTDVXYnVzRDhzN2l1cnpFcWJNN05jLXJEWXh5Q3FzdFpDYWx3bHFCY21xY1hGSjZQcW5PR25vZm1sanNUeTI2VW9WeVoxcFZIYWdvSnJMZnVRSU1OQk0tSzVPX2lKLUg0QkdOVV8yRkptNTh0Qmw2dG1RQ3JWdVFBWnp6T0NweW0wcVBIaHEyUnl5QlJHUkPSAagBQVVfeXFMTktMb2dEUjBvMkpHOGJiWWE3bkw1V2J1c0Q4czdpdXJ6RXFiTTdOYy1yRFl4eUNxc3RaQ2Fsd2xxQmNtcWNYRko2UHFuT0dub2ZtbGpzVHkyNlVvVnlaMXBWSGFnb0pyTGZ1UUlNTkJNLUs1T19pSi1INEJHTlVfMkZKbTU4dEJsNnRtUUNyVnVRQVp6ek9DcHltMHFQSGhxMlJ5eUJSR1JD?oc=5,1,2025-12-21 01:39:52+00:00
High Level City searches  France  English language,"(""Paris"") AND (""Bomb"" OR ""explosion"" OR ""shooting""  OR ""Stabbing""  OR ""suspicious package"" OR ""unattended Package"" OR ""explosive"" OR ""bomb threat"" )","Bondi Beach shooting: Jewish community ""completely unbreakable"", PM says - Inbox.lv","Sat, 20 Dec 2025 09:34:48 GMT",https://news.google.com/rss/articles/CBMirwFBVV95cUxPalJGRmw4S1NZejF6c042dkIwbEFvQ3ZaTmlWWHEydHhzbkVVckdZeFhKYWVJRjRuelo0OFh2SlFvVjdvZDVOdUk4YTVzNWlHRWxRT0paQndERVAyTTExa19Wb3hVd3MxdS1aTVg4ZUN6QnktZDRXTzVMSE1mUWFVaF94RlIxbGJQT05ZQ29IRGwwSnkydkUwQV9kMTBaQk1PYWtfXy1fUTVScUgwNUlR?oc=5,1,2025-12-20 09:34:48+00:00
High Level City searches  France  English language,"(""Paris"") AND (""Bomb"" OR ""explosion"" OR ""shooting""  OR ""Stabbing""  OR ""suspicious package"" OR ""unattended Package"" OR ""explosive"" OR ""bomb threat"" )",Dupont helps Toulouse bounce back in Top 14 after turbulent week - NST Online,"Sun, 21 Dec 2025 01:54:52 GMT",https://news.google.com/rss/articles/CBMiugFBVV95cUxNcGZ1Qnp3NXp4dzBQMm01ZUZwOXBfR2UzbV8wNnJLTnFnSm1EZVA5bUZydmdBMTBYeWxEU1dxRlhEa1JVMzU5RXNEOUFhN01pUmxLRHI3VFNHdGFHTG5vSU9JS3pYenlYS2JLV1lPbVIyRUJ3bl85bVcyVXRxWk56ZTktYnFSU2ViWGRudTlVTTVpV2NwV0J4YVo2UFYtdldPVDAzWGw0ZHlsbW5WamZvcHBsV0l3TndNU0HSAboBQVVfeXFMTXBmdUJ6dzV6eHcwUDJtNWVGcDlwX0dlM21fMDZyS05xZ0ptRGVQOW1GcnZnQTEwWHlsRFNXcUZYRGtSVTM1OUVzRDlBYTdNaVJsS0RyN1RTR3RhR0xub0lPSUt6WHp5WEtiS1dZT21SMkVCd25fOW1XMlV0cVpOemU5LWJxUlNlYlhkbnU5VU01aVdjcFdCeGFaNlBWLXZXT1QwM1hsNGR5bG1uVmpmb3BwbFdJd053TVNB?oc=5,1,2025-12-21 01:54:52+00:00
High Level City searches  France  English language,"(""Paris"") AND (""Bomb"" OR ""explosion"" OR ""shooting""  OR ""Stabbing""  OR ""suspicious package"" OR ""unattended Package"" OR ""explosive"" OR ""bomb threat"" )",Veteran Brazilian defender Thiago Silva signs for Porto - NST Online,"Sat, 20 Dec 2025 23:03:20 GMT",https://news.google.com/rss/articles/CBMirwFBVV95cUxPX1ZkeUlURF9wVHkwNDU3TkZjYVJrYU1vUWxzU0ZxR1VQU2VPS0ZFUWZqTWJwR3g1YWxZSUU3WXB0SG5EM1hBeHp1NXNoOTdJM1I2aEhOVjJHLS1OS3Bwd2dfRmlRY281LWxVSkNHRmR5UG92T1MzQUZjUWkxZGxnVjdXS2VRMjlFYVYtVkRsQXpfcm03Sy1rSW03WmlnY2VxTVBFelNaVjJVS0lIUkFN0gGvAUFVX3lxTE9fVmR5SVREX3BUeTA0NTdORmNhUmthTW9RbHNTRnFHVVBTZU9LRkVRZmpNYnBHeDVhbFlJRTdZcHRIbkQzWEF4enU1c2g5N0kzUjZoSE5WMkctLU5LcHB3Z19GaVFjbzUtbFVKQ0dGZHlQb3ZPUzNBRmNRaTFkbGdWN1dLZVEyOUVhVi1WRGxBel9ybTdLLWtJbTdaaWdjZXFNUEV6U1pWMlVLSUhSQU0?oc=5,1,2025-12-20 23:03:20+00:00
High Level City searches  France  English language,"(""Paris"") AND (""Bomb"" OR ""explosion"" OR ""shooting""  OR ""Stabbing""  OR ""suspicious package"" OR ""unattended Package"" OR ""explosive"" OR ""bomb threat"" )",US intelligence indicates Putin's war aims in Ukraine are unchanged - Reuters,"Sun, 21 Dec 2025 00:46:00 GMT",https://news.google.com/rss/articles/CBMisgFBVV95cUxOVWlYYTJEN3dWYkNmQnpLQXU1UW5tZmo5NVF2RUlsSHh1YlcyT3FVRXZIeXBXcHFCVGhYLVJoWGlzdDlRTF9EM3dSSDBNcWduQWlOUWwycFVjdUJEUnRoOXNDMTJacGdJZjRLbWhmUGZfTmhtRFA1cWZOeXREZjRDbDdhNHlUTjZJVGpHMVYyS3hVZnIySGtpYlRPNnZ2MnB2cEFRbWI2dFoyN251VW1uLWRn?oc=5,1,2025-12-21 00:46:00+00:00
High Level City searches  France  English language,"(""Paris"") AND (""Bomb"" OR ""explosion"" OR ""shooting""  OR ""Stabbing""  OR ""suspicious package"" OR ""unattended Package"" OR ""explosive"" OR ""bomb threat"" )",French ex-HR manager accused of spiking coffee of 197 women to humiliate them - NST Online,"Sat, 20 Dec 2025 08:01:14 GMT",https://news.google.com/rss/articles/CBMiwAFBVV95cUxPcF9oVVhtYV9kaE9HejBQTlVBdEl0YUtsdW9ydGVlcjR2R2lTNzJtUnluUjVWdTBybU5YTGc4R0hXR0FGN3ZrTGxzNFBQYm9XdVp5WTNtbXNubGxGMU9ZeXg1NzJXdmdTSG9IWFMyVkRMWmh0WXdKODU0ZTh2aVo0cFc3dGxETXdNMmRFcWd3T3kxai1VNTE3NWtfYW4xb1g0ak5wdDlSTi1RWFQ2cFRfX0MweHlnWmRwQUN6Q3BBcjbSAcABQVVfeXFMT3BfaFVYbWFfZGhPR3owUE5VQXRJdGFLbHVvcnRlZXI0dkdpUzcybVJ5blI1VnUwcm1OWExnOEdIV0dBRjd2a0xsczRQUGJvV3VaeVkzbW1zbmxsRjFPWXl4NTcyV3ZnU0hvSFhTMlZETFpodFl3Sjg1NGU4dmlaNHBXN3RsRE13TTJkRXFnd095MWotVTUxNzVrX2FuMW9YNGpOcHQ5Uk4tUVhUNnBUX19DMHh5Z1pkcEFDekNwQXI2?oc=5,1,2025-12-20 08:01:14+00:00
High Level City searches  France  English language,"(""Paris"") AND (""Bomb"" OR ""explosion"" OR ""shooting""  OR ""Stabbing""  OR ""suspicious package"" OR ""unattended Package"" OR ""explosive"" OR ""bomb threat"" )","Man arrested, 15-year-old killed following east Charlotte hit-and-run - WSOC TV","Sat, 20 Dec 2025 20:50:47 GMT",https://news.google.com/rss/articles/CBMiygFBVV95cUxNQ2V3Y01mdWhkcnhteVhXS1ZwMHJKWDNadVRVc2YzSXhaWkdCcG45Ql9ic29jbTJoSGs3WDJTVE5ydk8tcmFncXd1aEo5bTlYQUNPRFN5NnhSQ0xFN0JHdTRNYnI0V1VkYkNmYlVVQ2o0RzRqYlhGN3lJc3hyclE3bWlfU2ZuZVdvSFlhZ1BBazFSMkt4QndOQTFLdUY1QUxfb28yWnVMT3kwWFZPYllIRkphdWt2dExtdFA2SlVSUVhmai1IYTRXTmRn0gHeAUFVX3lxTE5GcWlISmxuMmI1ZU9UMDZVSjc5OEQxY2RSY2ZFdnFCMmZnajdadnJHeklqTjlaR0t2M192M3BXWDVMcVJjN2I2QjZERGppZlhrVmxIME1PUGtLc2J4ckw1SHV4aG9sOVc0ZW9oZHk3WWRLZzJWZTFTWXZnZGRKeV9WRm5XMURPY3RlaGVIOWtUSXhjRk1tSHA4Sm5oUTdfYUJ5ckZDWmg4NUZYcGt3NElZS0tyQ2VhbzN4RnRpNjRqcXdZb0E3SEVERjlaZmRvdTUyWkh2SExtREFqYlQwUQ?oc=5,1,2025-12-20 20:50:47+00:00
High Level City searches  France  English language,"(""Paris"") AND (""Bomb"" OR ""explosion"" OR ""shooting""  OR ""Stabbing""  OR ""suspicious package"" OR ""unattended Package"" OR ""explosive"" OR ""bomb threat"" )","Pissott, Blakes combine for 48 as No. 13 Vanderbilt women defeat Texas Southern 96-46 - FOX Sports","Sat, 20 Dec 2025 20:02:10 GMT",https://news.google.com/rss/articles/CBMivwFBVV95cUxNMVVKa1RFZGMzeTlwN1V5cGZiZlZzYWw0c0FNMk5Ecm5TN1FQOGl1Z1NLVjYzOERodjdYQV9aa3RoVXUxT1Q2MHlDYzVyM0xTQmNIUEpRS0Y3YUJERDdHTVRvdXFXODhLaU02UW9xdDNNVWVQY09qRURIN2pIVF96UjVnTDlmeU91bnhHUmdtempkQmJzeW9OYW5xd0YtemxfVXlDeFdQNVd1TzhRclJydzJiejZja05wampIRlBLMA?oc=5,1,2025-12-20 20:02:10+00:00
High Level City searches  France  English language,"(""Paris"") AND (""Bomb"" OR ""explosion"" OR ""shooting""  OR ""Stabbing""  OR ""suspicious package"" OR ""unattended Package"" OR ""explosive"" OR ""bomb threat"" )",Se Young to face Wang in women's title clash at World Tour Finals - NST Online,"Sat, 20 Dec 2025 13:19:42 GMT",https://news.google.com/rss/articles/CBMitgFBVV95cUxNUFJ5ZlRQMFJnSDFRZlhkNUVpTFZOSG9NNllGM0tISUxEZ1VQVWJiVVktanc2NE9ZRGRiRnZzaTBDUnZpSF9fUFdvS01HOTNIVjBVSkxGdEZNeVd6VWlaSjhUZWh6UzNFWm0zZGRlWllBTmFtZnZxbk85N09uWkM4WndRcDRfTGJmbndzSkJlUWdUcElOX0hOOWNIMHdiT3FRbEJjaThWR0JoMWxQSDFPQl9wbWdUd9IBtgFBVV95cUxNUFJ5ZlRQMFJnSDFRZlhkNUVpTFZOSG9NNllGM0tISUxEZ1VQVWJiVVktanc2NE9ZRGRiRnZzaTBDUnZpSF9fUFdvS01HOTNIVjBVSkxGdEZNeVd6VWlaSjhUZWh6UzNFWm0zZGRlWllBTmFtZnZxbk85N09uWkM4WndRcDRfTGJmbndzSkJlUWdUcElOX0hOOWNIMHdiT3FRbEJjaThWR0JoMWxQSDFPQl9wbWdUdw?oc=5,1,2025-12-20 13:19:42+00:00
High Level City searches  France  English language,"(""Paris"") AND (""Bomb"" OR ""explosion"" OR ""shooting""  OR ""Stabbing""  OR ""suspicious package"" OR ""unattended Package"" OR ""explosive"" OR ""bomb threat"" )",McGill leads North Florida against Clemson - FOX Sports,"Sat, 20 Dec 2025 09:43:09 GMT",https://news.google.com/rss/articles/CBMiigFBVV95cUxQeHM1OUQ5MWtYVUtiS2xiMTgyTFNkVGhlMGZFYkF2dldCSjI4WWZjY2xpcG1YUVZHQnNLNjQxLWJJTGJTNlgwS1g0SVhPNDJycndvdFpEQ2hGSmxwVEdkMlh4clJ0WmFEbEhvN3k5cmdPQVV3YlB0Yl9zYUlQdlp0dV9LcjNDUnRSUWc?oc=5,1,2025-12-20 09:43:09+00:00
High Level City searches  France  English language,"(""Paris"") AND (""Bomb"" OR ""explosion"" OR ""shooting""  OR ""Stabbing""  OR ""suspicious package"" OR ""unattended Package"" OR ""explosive"" OR ""bomb threat"" )",Tang Jie–Ee Wei's flick service not lethal enough - NST Online,"Sat, 20 Dec 2025 12:14:12 GMT",https://news.google.com/rss/articles/CBMitwFBVV95cUxPcERzdXQzV0dWdkdOMGs0R3drOHc4NmJWR1JUSm5lR3AtS2EtV0pSSzB4YzNXdkNHNWJpODZwSVc0NHlzYmRrdGM2SmthMWJGMThpVHE5WF9WZ09PdG0zeHQ0ZmVxWUM3OEgwaERRN2RmMWJyRjZhcjBGdkd6Z05xWl80d0x1RHZ6TXpXQnduQ21CeG1PRUVhUk9hNDZ6eGtIaXRYcG1jYVJyVTN4WTU0dEhhRk9rRFHSAbcBQVVfeXFMT3BEc3V0M1dHVnZHTjBrNEd3azh3ODZiVkdSVEpuZUdwLUthLVdKUksweGMzV3ZDRzViaTg2cElXNDR5c2Jka3RjNkprYTFiRjE4aVRxOVhfVmdPT3RtM3h0NGZlcVlDNzhIMGhEUTdkZjFickY2YXIwRnZHemdOcVpfNHdMdUR2ek16V0J3bkNtQnhtT0VFYVJPYTQ2enhrSGl0WHBtY2FSclUzeFk1NHRIYUZPa0RR?oc=5,1,2025-12-20 12:14:12+00:00
High Level City searches  France  English language,"(""Paris"") AND (""Bomb"" OR ""explosion"" OR ""shooting""  OR ""Stabbing""  OR ""suspicious package"" OR ""unattended Package"" OR ""explosive"" OR ""bomb threat"" )",Driscoll and American host UMBC - FOX Sports,"Sat, 20 Dec 2025 09:43:10 GMT",https://news.google.com/rss/articles/CBMie0FVX3lxTE9vMEd2RW5EMTBZRGt2dU5neXl0TUo2YjB3Sl9tcU82Y2Iwa0JsNzFOdHVYcTFwejlveWJnUjRFaHJUeklsRlRqVTJBSlVBSHRLNnR3bk1UcFRGRzJFOFpESXJVYW4zSHE2ZTZrQWs0YUVqTEVKSVcyUGVlWQ?oc=5,1,2025-12-20 09:43:10+00:00
High Level City searches  France  English language,"(""Paris"") AND (""Bomb"" OR ""explosion"" OR ""shooting""  OR ""Stabbing""  OR ""suspicious package"" OR ""unattended Package"" OR ""explosive"" OR ""bomb threat"" )",Awaka grabs 15 rebounds as No. 1 Arizona shuts down San Diego State for 68-45 win in Phoenix - FOX Sports,"Sun, 21 Dec 2025 05:43:02 GMT",https://news.google.com/rss/articles/CBMiyAFBVV95cUxNMUZyelVuNHl6R1p3X1dpaFcyODFCajlLQVE2UVpBUmx0cWVtVHFsWThoVUNGdURXYncxNVdUNkNKeEdaQ1VhSlJzS3BMbkJVak1SWF9RWjJfZWl5ZnZMT0hjUUpvVHZqZV9zUU9kdXFiYURwZkVGNmwyRXdjLTh3eTRzRDZPcm94ZDBiOHdpMHRjTGNFQVEzOUZKZExORXAwSEpRMC1uLUlQeDktcVhHZmtOMDdncGczaDU5QWxYb21sUUJjeWloVw?oc=5,1,2025-12-21 05:43:02+00:00
High Level City searches  France  English language,"(""Paris"") AND (""Bomb"" OR ""explosion"" OR ""shooting""  OR ""Stabbing""  OR ""suspicious package"" OR ""unattended Package"" OR ""explosive"" OR ""bomb threat"" )",Saint Francis (PA) faces Robert Morris following Wicks' 22-point outing - FOX Sports,"Sat, 20 Dec 2025 09:43:29 GMT",https://news.google.com/rss/articles/CBMiqgFBVV95cUxNRUhqMDN1U1BYYThGTTF2bFlGbDdZZEY3Q1gzbWd3MS1FOUN6QUR6dWtjTDZJZWdtaUpjMlRzQmQ0RS1TWjNmTnA0X0JvMHpJa29uNTRyRXg5VmZ5SDRlR3VOSVJOWk5iWUJlZ1hTcHdyNi1SSDN6MUJNWGtWWi1Yd2lmSGVfYjBNTXJiNGdVT2pKMGFqUGtSSk1vTzZHZExQSWt2OWtvYi04Zw?oc=5,1,2025-12-20 09:43:29+00:00
High Level City searches  France  English language,"(""Paris"") AND (""Bomb"" OR ""explosion"" OR ""shooting""  OR ""Stabbing""  OR ""suspicious package"" OR ""unattended Package"" OR ""explosive"" OR ""bomb threat"" )",Whitlock leads Lehigh against Monmouth after 33-point performance - FOX Sports,"Sat, 20 Dec 2025 09:43:24 GMT",https://news.google.com/rss/articles/CBMipgFBVV95cUxNaUZfYTkyMnJPQlZPMlBDSjRkdlVUeWpqNHdGRl9WdGZQMUJfbWExQnNydlR4NEhQN3Z5UHM2UW9nTGo3eHl6WEtfQjJ6S0ZIOG5YUkR0Uk5FRWZPR3NwOGFiV05rWnVveC1yMU5tV3ZhYXJxY05JX1V0LXIwUDd1cmwtZ2RtTER6dzd2cVE5N0hYdHJFZXRNZ0Voai1DS2sxbnMwWC13?oc=5,1,2025-12-20 09:43:24+00:00
High Level City searches  France  English language,"(""Paris"") AND (""Bomb"" OR ""explosion"" OR ""shooting""  OR ""Stabbing""  OR ""suspicious package"" OR ""unattended Package"" OR ""explosive"" OR ""bomb threat"" )",Ciezki and Indiana host Western Carolina - FOX Sports,"Sat, 20 Dec 2025 09:43:08 GMT",https://news.google.com/rss/articles/CBMihwFBVV95cUxNaEI4dFVadkFsSnhfTjYxLTRvZW0tZWRnQmRXb1B6VG1EVlhLdENjalhlYndNVERaUThIVDZIeE9xM19LUTJvVWY4T1psSU91c1VKNnVBVlRVWE5NQ1hPTWItZVEyZEJyM0lhaTktOEpZSnZzNHk1cGV3QV9HWkpscGxFY2daS1k?oc=5,1,2025-12-20 09:43:08+00:00
High Level City searches  France  English language,"(""Paris"") AND (""Bomb"" OR ""explosion"" OR ""shooting""  OR ""Stabbing""  OR ""suspicious package"" OR ""unattended Package"" OR ""explosive"" OR ""bomb threat"" )",Drexel Dragons take on the Maine Black Bears in non-conference action - FOX Sports,"Sat, 20 Dec 2025 09:43:30 GMT",https://news.google.com/rss/articles/CBMiqwFBVV95cUxPT01LNDdYaWFRaEt2T19nS3RvdDdYUG1iVDEtV3NxZi04US03a2dIT2ZlS2R2S2N5S1NxMWkzMVVvUlBxYlVuV1F1QWJTWnBuNEE0Rkh1bUwwQVlFVGN2QmdYN3FWczMwR2d0VmhrWG96ZGtpY19LRU5KSnF2VTZFUlRyQ1V4Mi1RVWlfYmRvcTdDUEg0SERabG1vOWc4Z2lfOExnb1pGTGZFbkk?oc=5,1,2025-12-20 09:43:30+00:00
High Level City searches  France  English language,"(""Paris"") AND (""Bomb"" OR ""explosion"" OR ""shooting""  OR ""Stabbing""  OR ""suspicious package"" OR ""unattended Package"" OR ""explosive"" OR ""bomb threat"" )",Huibregtse leads Bradley against Southern Illinois after 21-point game - FOX Sports,"Sat, 20 Dec 2025 09:43:32 GMT",https://news.google.com/rss/articles/CBMirAFBVV95cUxNSm5rbkl5UTAxTHFwam9YQno2WTBZUGxtRkdWR1ZzWVVmTl84THAxQ05aRUNmcnpGczJiOTM0NE92NTB2Z3U2OU9DVUpuT0lRejFnb1dXV3hLODdicklTWnZMeWRDdUVFNXRBZzhacjJPZW5QMUVobVY3WklXMHVHRlMwbDhKc3dFamtVa2hjYTh5ZXBIejdXZTd2NUtWQmVaXzVoa3doaF9QOXAw?oc=5,1,2025-12-20 09:43:32+00:00
High Level City searches  France  English language,"(""Paris"") AND (""Bomb"" OR ""explosion"" OR ""shooting""  OR ""Stabbing""  OR ""suspicious package"" OR ""unattended Package"" OR ""explosive"" OR ""bomb threat"" )",Saint Bonaventure faces Le Moyne following Mitchell's 27-point game - FOX Sports,"Sat, 20 Dec 2025 09:43:31 GMT",https://news.google.com/rss/articles/CBMipwFBVV95cUxQdnRsWjZCQnNybEVrNVhOZHg1cjFPdDZzSGxQMVpkZVNWM216cUd1V1kwM2Z0MWxUQnhZeDE5bm9vTHdYU0ZjcXJPam5KMnhiYk1lZ2ZJaXZqVFBFS1A0VHhJQVFUbWY0bU9NZkoxTnhQRFhuOWV6UTNjaEE0M2lTZGpKem9FMnRjRWtiWTcxb3BPeXp5b0ZYWnpSVUZ4ejk5WHlvNWpNZw?oc=5,1,2025-12-20 09:43:31+00:00
High Level City searches  France  English language,"(""Paris"") AND (""Bomb"" OR ""explosion"" OR ""shooting""  OR ""Stabbing""  OR ""suspicious package"" OR ""unattended Package"" OR ""explosive"" OR ""bomb threat"" )",Oregon State visits Arizona State following Johnson's 20-point performance - FOX Sports,"Sat, 20 Dec 2025 09:43:26 GMT",https://news.google.com/rss/articles/CBMisAFBVV95cUxNVTVOQkhtSXFtTWRFUXQydHZ2MTVxNkhKQjFjbFJobnNLSnBzSGRxWmt0OVRBM2lMajIxNl90M3p3QnQyQTlpSjVXaVZJQV9Nbk9OVndxNHNyUVdPSV9IOThWd2xxVmFQNE9yMy16dlpIY2wtcnVzUGFSUDNuWjROU1BxSnNkdFNCblVnLV9mQkJIZnRRYm1tZkI1eDh6ei1iMHRwZEU5SUE3Q25obkw4UA?oc=5,1,2025-12-20 09:43:26+00:00
High Level City searches  France  English language,"(""Paris"") AND (""Bomb"" OR ""explosion"" OR ""shooting""  OR ""Stabbing""  OR ""suspicious package"" OR ""unattended Package"" OR ""explosive"" OR ""bomb threat"" )",Sawyer leads Montana against No. 11 Louisville after 23-point game - FOX Sports,"Sat, 20 Dec 2025 09:43:33 GMT",https://news.google.com/rss/articles/CBMipgFBVV95cUxPR3lZZ2lMOUE0Y3BkbXdDRmZjMy1pZ2s0azJ1YTlRbG1fVWtOU29qWTBmRlVpV2x5d2JYNXdnOHBxcFRpRE5VWHlCWlFKcEJSbTlSakt6V1gyS091allnTTJlQzFqZ3pKcTlPd0tWNFF6S3cwWXl0eUxBc0IwWlZOSk96NXpxZmZMU0NPTl9JYjc4cUlXcHNMSExGWHE5eHFFajBBVmJ3?oc=5,1,2025-12-20 09:43:33+00:00
High Level City searches  France  English language,"(""Paris"") AND (""Bomb"" OR ""explosion"" OR ""shooting""  OR ""Stabbing""  OR ""suspicious package"" OR ""unattended Package"" OR ""explosive"" OR ""bomb threat"" )","SMU takes on Central Arkansas, aims for 8th straight home win - FOX Sports","Sat, 20 Dec 2025 09:43:29 GMT",https://news.google.com/rss/articles/CBMioAFBVV95cUxQQ1U0ZkdTZ1FteWN3dFU1SnNCaUViRk8ydVlrR0ZLMXVLRVBfUHc0Y0dWWHNKY1RsSUZfMUpuYWdnLUttbHVDSk85VlY0X2NWYVF6TkxnQTdkd0dkS3pjS1RoMzBZWEhFLURPam5PVVhLd3ZkV05RWHc2OUJ6b09GcHltU3FscHZPNGlWcW1FYXByNFdqX29sSzVIOHJoaFpv?oc=5,1,2025-12-20 09:43:29+00:00
High Level City searches  France  English language,"(""Paris"") AND (""Bomb"" OR ""explosion"" OR ""shooting""  OR ""Stabbing""  OR ""suspicious package"" OR ""unattended Package"" OR ""explosive"" OR ""bomb threat"" )",No. 4 Iowa State hosts Long Beach State after Sykes' 23-point game - FOX Sports,"Sat, 20 Dec 2025 09:43:25 GMT",https://news.google.com/rss/articles/CBMipAFBVV95cUxOUEk2NWd5clI5RVB4NGJxcmZsck50a2wtc0J1YTI4TUhkei13bjVJUXhvYjljb1poNjBNOWNsM3A3aC1BRkVoZXJMSkJBcGtMaW5hNmlqLWRrLW5yUUE1ZVBKRDBsZ1N2NzhEWHpxcUtRZk9FMXBYQ3BwMmo5dV9HQWljX29hZVFUa1l6U0Q5UVNpS0ZoaXdaMmFtbUQ4djdQM082aw?oc=5,1,2025-12-20 09:43:25+00:00
High Level City searches  France  English language,"(""Paris"") AND (""Bomb"" OR ""explosion"" OR ""shooting""  OR ""Stabbing""  OR ""suspicious package"" OR ""unattended Package"" OR ""explosive"" OR ""bomb threat"" )","NC State Wolfpack and the Ole Miss Rebels play in Greensboro, North Carolina - FOX Sports","Sat, 20 Dec 2025 09:43:33 GMT",https://news.google.com/rss/articles/CBMitAFBVV95cUxQNjBHU0RabUpaTnRHdjBwNVFaM1JxWWZvVmxxYmlXM240MmtLaGVVZFlSSFEteTQyWlB3WlRGcno3dm53R3dSOWlScEhYaTktV0duSEhRZzNlSWRHYnJfakROUDE1Ujg4Y2J5U2ZibFRqV0twMXZkUmdPYnJMbEJfbF9wcmJzRllKMTFDMy05YlhhY01EMEdYZ3pQUnRnV0kwaDFWVUo2cWZvbXZFc1Q5Z2xOTmg?oc=5,1,2025-12-20 09:43:33+00:00
High Level City searches  France  English language,"(""Paris"") AND (""Bomb"" OR ""explosion"" OR ""shooting""  OR ""Stabbing""  OR ""suspicious package"" OR ""unattended Package"" OR ""explosive"" OR ""bomb threat"" )","Clemson Tigers and the Cincinnati Bearcats square off in Greenville, South Carolina - FOX Sports","Sat, 20 Dec 2025 09:43:23 GMT",https://news.google.com/rss/articles/CBMivgFBVV95cUxOOU8tVVp5WkRiZk5MQTNOdU1zWmk4YXJ2dUl4R1VId1NaOG91NTNiNUdGeW1iMXI2bEdxVDN0SlZpUjRRUC1PWHFpQm1VVmlvWUFzdElPd0JkanlRYktCTzNENVl6bjhmaWRYSk1yT3ZpelUzRTZmMXQySk9lT3N3RWVEMGR4VGJXQTY1LXUxRWFoUTI5SEtiT0t2RlduUUtTNzVDUlhyNWExQkJpUk9HMGt5UlY5OHY0MnpyZHdR?oc=5,1,2025-12-20 09:43:23+00:00
High Level City searches  France  English language,"(""Paris"") AND (""Bomb"" OR ""explosion"" OR ""shooting""  OR ""Stabbing""  OR ""suspicious package"" OR ""unattended Package"" OR ""explosive"" OR ""bomb threat"" )",Marist hosts Stony Brook following Pratt's 20-point showing - FOX Sports,"Sat, 20 Dec 2025 09:43:31 GMT",https://news.google.com/rss/articles/CBMinAFBVV95cUxOTWtsNHcwdkJfSE1UYUxLVkc3NGU1a3lCbzFIUEhoUEpYVWlGa3dyXzFMUnFLZDJFYmtwQ3BuUGY5ZjltTFB3VFl1X1BIV3hBZ1hjaEx3U2oyNVlYV2NUdkRJUUxTM0pvelhoQnJLMzB0UFlkSG80ZkpEdTlPRnpRcVNTNk42TG4zRWxzVVFhWThyX3JSd1JybHl1QnY?oc=5,1,2025-12-20 09:43:31+00:00
High Level City searches  France  English language,"(""Paris"") AND (""Bomb"" OR ""explosion"" OR ""shooting""  OR ""Stabbing""  OR ""suspicious package"" OR ""unattended Package"" OR ""explosive"" OR ""bomb threat"" )",Jones and the New Mexico State Aggies host conference foe Sam Houston - FOX Sports,"Sat, 20 Dec 2025 09:43:28 GMT",https://news.google.com/rss/articles/CBMirAFBVV95cUxNWEZOY0Z2VFFsLUdESHNVanZTck5QV2R3cjZOTG9GVjVBM0Npc1FiRzlGM212QTEwR1RZaFE1R1ByTWZ1ZTJ0aVUyaFI5ZnY1NmI4ZDI4RV9mZ1hNbkU1SDFWQjh0VEpPaXZtSnFWaDFWbTlwcHFGVFpnQnc2SDlVUzRQVGg1SDJyZjIyS2hONXF0T3M2TEdpUlBjYm5PSE1QYmdhODRjcnltczNW?oc=5,1,2025-12-20 09:43:28+00:00
High Level City searches  France  English language,"(""Paris"") AND (""Bomb"" OR ""explosion"" OR ""shooting""  OR ""Stabbing""  OR ""suspicious package"" OR ""unattended Package"" OR ""explosive"" OR ""bomb threat"" )",Howard visits UNC Wilmington following Hodge's 28-point game - FOX Sports,"Sat, 20 Dec 2025 09:43:33 GMT",https://news.google.com/rss/articles/CBMingFBVV95cUxOLXlPd0h3UEtGVGFWLWxhb1M1OEVoRHVMRGRuMVVZbW5YNS13TGFGcEZTSTY3VWhFWFRXblZrREl1VGxuT2JqNW93UUs2R2QwUktxbWdQMzA5Y1d1cXF1YTZia3V4NlB6UmQ1MTdSemlZcW5nU1JMaDFrQUQ2bEQtQWx1UkJERnlFMThpajJnOUtzaFF5OU92Sml3amhpUQ?oc=5,1,2025-12-20 09:43:33+00:00
High Level City searches  France  English language,"(""Paris"") AND (""Bomb"" OR ""explosion"" OR ""shooting""  OR ""Stabbing""  OR ""suspicious package"" OR ""unattended Package"" OR ""explosive"" OR ""bomb threat"" )",No. 16 Alabama Crimson Tide play the Kennesaw State Owls - FOX Sports,"Sat, 20 Dec 2025 09:43:24 GMT",https://news.google.com/rss/articles/CBMimgFBVV95cUxQa19ZNnlXOTBRSEZzeDFkSlhtRW1LQldCT2YwckQ1V0JTenFUT2kyTnBCaXZqdzN1SFNFRWM3UWwxY0Z1NkluaDM4OEdleVZ0eUVLN0hGcXFvM2J5WjREWXpOaWZYQkRvUTZYN0d1bEV1XzlRMkFhVVZ1ZTJ5QlN0RkFtUTItMmp3eWRMeXNUTU1hc0xBcllaYmxn?oc=5,1,2025-12-20 09:43:24+00:00
High Level City searches  France  English language,"(""Paris"") AND (""Bomb"" OR ""explosion"" OR ""shooting""  OR ""Stabbing""  OR ""suspicious package"" OR ""unattended Package"" OR ""explosive"" OR ""bomb threat"" )",5 Coronation Street Christmas spoilers - wedding horror and Carl's downfall 'sealed' - Daily Express,"Sun, 21 Dec 2025 05:04:00 GMT",https://news.google.com/rss/articles/CBMikwFBVV95cUxOcWZsbk9CMUFvOWVtcmdpVlh1dDBRYWpIOXRfaEpQQVFFTkRTNjZvQTQzTk55SzlnUEhsbnFoMmc1MzlydHh6QXlPSllMRmxCRU5JV2RpRlNhODJrNnNlTE1YbFBqQjZZT1pOb29reENxSmoxdEdJQzBBNV9uQXJzU29UUEotNmRkVnZGRTliZGNYNzTSAZgBQVVfeXFMTTdDUDc0ZzlpQlEwVkN4OTd4RGVwUF9PSVNSR2dzUHBfeVd2bGk3WTZoOXplcWlUcHg4SV9faGtnbDFxT20wQXMwRV9rd003YXZ0cl8xbng0R0tQd2l3YlRSdUdtWFE3eXRYbkFoZ1ZDTG00NXZOZUF5M214SVhHOGhLNy0wYnZ1VFNiQng0VVRqV3hjNTIta1Q?oc=5,1,2025-12-21 05:04:00+00:00
High Level City searches  France  English language,"(""Paris"") AND (""Bomb"" OR ""explosion"" OR ""shooting""  OR ""Stabbing""  OR ""suspicious package"" OR ""unattended Package"" OR ""explosive"" OR ""bomb threat"" )",Is there going to be a season 6 of Emily in Paris? - Daily Express,"Sat, 20 Dec 2025 20:29:00 GMT",https://news.google.com/rss/articles/CBMiigFBVV95cUxQZzNlcl9HT09kMWQtUm9FdkhfdnJqOXFfSVRZVFJxVFBEZWdHcHFmNW81Z2QwU2xtZ1V6SC13SDlydXlZeXVkMHIzSThNODdUV1cyZFNMcS1GTVRjSFZEMk9hMEJ6RVhFOHUtQ0pTSzEwVkE2RTBKN2VyNU81cU0wcmRNYWk4eFpQZ1HSAY8BQVVfeXFMUDA5ekFaeThpdURNSHBocS1uN1cyTXdMSnBhczdqN2M1RGtLc0V1QWlpVmVFX0Q1YXhoTG4yVWo5cUR3aDFGVnFXSkFZWkQ1WVVGMWFmLW1sc21HS1RYdjAzS1MxM0Q1M1YxUmlhTWNyemt3NGgwal9rZ045NzlVc2hQNGRrazByb3VDLUVkQUk?oc=5,1,2025-12-20 20:29:00+00:00
High Level City searches  France  English language,"(""Paris"") AND (""Bomb"" OR ""explosion"" OR ""shooting""  OR ""Stabbing""  OR ""suspicious package"" OR ""unattended Package"" OR ""explosive"" OR ""bomb threat"" )",2025: The year Malaysia’s parliamentary reform became law - newswav.com,"Sat, 20 Dec 2025 23:17:12 GMT",https://news.google.com/rss/articles/CBMingFBVV95cUxNVzhSRU51NVJFa29pVW9reGRxN3Q4VW5XcmVSQlcwQy04bU1oMlhTWllYVlI1alAwVnhvcGpDTWJjNzMyY2NwdG1XWkRFWUlFVm5xdjNiU1NGWjAzNFdCaU9CRTdPbHMyb0d0YXN0T3hsUTI5VmlPN1RuMjMwbEw1dlM4Y0lWR21UZjdZR1AtZy1IWk5hQzVyel9SRmIyQQ?oc=5,1,2025-12-20 23:17:12+00:00
High Level City searches  France  English language,"(""Paris"") AND (""Bomb"" OR ""explosion"" OR ""shooting""  OR ""Stabbing""  OR ""suspicious package"" OR ""unattended Package"" OR ""explosive"" OR ""bomb threat"" )",US suspends Green Card Lottery Program - MM News,"Sat, 20 Dec 2025 14:32:54 GMT",https://news.google.com/rss/articles/CBMiaEFVX3lxTFBXUUZZMjJLTnF4NkYyeGNfYUhfZkx0TjRnb0hWbm5jZ1dLclcwdjRITXJNdm5EX0tfMW84U2JsVC1nWEh3NnZYZFpjTjBWaUFWdF96ZENlalc4S1Z5bXY1VW9JSlpEa3pu?oc=5,1,2025-12-20 14:32:54+00:00
High Level City searches  France  English language,"(""Paris"") AND (""Bomb"" OR ""explosion"" OR ""shooting""  OR ""Stabbing""  OR ""suspicious package"" OR ""unattended Package"" OR ""explosive"" OR ""bomb threat"" )","Heartbreaking End: 72-Year-Old Retiree Murdered in Ikorodu, Lagos - Per Second News","Sat, 20 Dec 2025 16:10:32 GMT",https://news.google.com/rss/articles/CBMiowFBVV95cUxQOXVzNExVdHlhMmJSa01COWgtazVjVll6UlQxRVEzdUZCUjM3ci1FMkVJWUZFaWoxSUJtcmgzRGhZZ3NtTTdKcDM5c2hiS242dTJfRVZYTEp0dzhKdjVpX1VrV1BfeDduNnNZREN4MXl5UzRyQTA2QXhuRmVaRTlraEJPZVpiQVc2SDE1YW03TWFjd2JXX21hdlBOaENhMGhWbmR3?oc=5,1,2025-12-20 16:10:32+00:00
High Level City searches  France  French language,"(""Paris"" ) AND (""Bombe"" OR ""alerte à la bombe"" OR ""explosion"" OR ""explosifs"" OR ""explosif"" OR ""explosive""  OR ""colis sans surveillance""  OR ""colis suspect"" OR ""tournage"" OR ""poignarder"")",Locals march in eastern France after gas explosion kills two children - Press TV,"Sat, 20 Dec 2025 19:03:00 GMT",https://news.google.com/rss/articles/CBMiuAFBVV95cUxQS2RVQUNTeGMwcXBoVm95SzRSclV2TTNRd3lpellyX281bGdfSjlyNmtaM2pYYURCbHEtM0tqX3ByWVBFX2VIbE1yTWMtU3ZpQ2FHUk5ldUpuejJGWWhyZWpTYk5DdGFSeGV2V2Uza0pGaXBZS0ZIVnZGeTJxcUJhak9PZ3FtN3hQX3FvN21ydEJxNTlFSXc1VTVKdk9YdnEya3M3QldlZjV5YUlyQnl2dGlKcjRxNTl4?oc=5,1,2025-12-20 19:03:00+00:00
High Level City searches  France  French language,"(""Paris"" ) AND (""Bombe"" OR ""alerte à la bombe"" OR ""explosion"" OR ""explosifs"" OR ""explosif"" OR ""explosive""  OR ""colis sans surveillance""  OR ""colis suspect"" OR ""tournage"" OR ""poignarder"")",L'explosion des data centers de l'IA peut-elle faire dérailler la transition énergétique ? - Tameteo.com,"Sat, 20 Dec 2025 11:09:00 GMT",https://news.google.com/rss/articles/CBMiggJBVV95cUxOYllVd1pFczdKMFFaM2ctZTh4cHowMVh2cXFwSTlfNERPSV9xcDE2dWNwMlpyZm9rdkFDR09xOUpNbXdJbWJHc3F3V1gxblVzYTVrcFpBa0U3SlpLZFQ1VDBwYTdZT1VrQ1lLcnpxdDN1a2FaMi10bWlfc2lqczFLYjQzZVdTMmNwREFRdFNpV2xlWmJiWWZWLURsMDBTdmhMQ1hwbG4xMzR0ZW5BcXI1c0N0Y0RaeFRNTkkzbVloUUsyM3ZwM3BESlhvaUxaVVN0OS1oMXFmemNzTGktREpEMTBEemh4dVZTSFB1VHRvV3pORTIzbXcxRnZCdm82cEc4YkE?oc=5,1,2025-12-20 11:09:00+00:00
"High Level City searches   Italy, English   language","(""Milan"" OR ""Bologna"") AND (""Bomb"" OR ""Bomb Threat"" OR ""explosion"" OR ""shooting"" OR ""Stabbing"" OR ""suspicious package"" OR ""unattended Package"" OR ""explosive"")",Hot-shooting Monroe can't keep Summerfield girls from 6-0 start - Monroe Evening News,"Sun, 21 Dec 2025 03:45:00 GMT",https://news.google.com/rss/articles/CBMi1wFBVV95cUxQdElhYVhSWC1yakYteFpNUF9Jc2tUWnRhYVhFaG9ObnZDUUU5VTZDRnNaTXpPSGpKaWNhOTZ2aHM2WGdrUmxoS0t0cWprd0FDNW9ndlhsSVkzUS1hQnMxOEFFMmlqQnl0UmU1ZFpBeHlYOGVfXzJIOHJPS1NNUUgyR0VGUU81UnNhLUFWREc1Xy1keVpFZm1RU2t2ZkdvMDJvTXlwWFFLWDEzdFNhTXBrbHZTTm1CYlZkbTVabUFtSEJfR0hNTldqWERLVVMtRWRWOGNqVHNnSQ?oc=5,1,2025-12-21 03:45:00+00:00
"High Level City searches   Italy, English   language","(""Milan"" OR ""Bologna"") AND (""Bomb"" OR ""Bomb Threat"" OR ""explosion"" OR ""shooting"" OR ""Stabbing"" OR ""suspicious package"" OR ""unattended Package"" OR ""explosive"")","UPDATE: 18-year-old shot and killed on Jackson Ave. in Chattanooga, police say - Local 3 News","Sat, 20 Dec 2025 18:56:15 GMT",https://news.google.com/rss/articles/CBMi9gFBVV95cUxOSmtsejNyTVpDR1c5YWFVVE5XejlJUG5mOTJvX2VLLWlpbVVJcFdGeHFESmlCeUdKcFNTakw0ZnVjZmU1Qm40MTJIZFdWWVNaX2h5U0s1d1VCYlVJRGlGZWc0MjNlNVoybmluWEVOYkZkZkUwM3Mwam84bDBvNkQ1d2FfeThVbU92djJBaWtScjBhaUFfc3lWWHBwbXIwTVJCMGRoOXJwTE4zLV9zSGVrUUpEVUlCbnVpYUprTFpoSXpVdTNQYksxVnZLblYtMTNsNkp4dzRPa3dLbHVDTTJqYXpkR1BGZHhsYUdyTU9WVF8xSE9COFE?oc=5,1,2025-12-20 18:56:15+00:00
"High Level City searches   Italy, English   language","(""Milan"" OR ""Bologna"") AND (""Bomb"" OR ""Bomb Threat"" OR ""explosion"" OR ""shooting"" OR ""Stabbing"" OR ""suspicious package"" OR ""unattended Package"" OR ""explosive"")",Juve beat Roma to close in on Serie A leaders Inter - NST Online,"Sun, 21 Dec 2025 01:25:58 GMT",https://news.google.com/rss/articles/CBMioAFBVV95cUxNMm0zRGh0QXVpWWwwU0xOT3huV1dSbzNnNnA1NnQ3UG9DMlJfLTBKbzRscmlwQ0pLNDRnVWtINEFmNE1MeGJrSm9mT1IyRDJGY0ZISHlTMW1YVzA0S2NVWWVtQklScDNKekcwV0hVLTIwX01GUk1MOWQ5bDdTSVZXdW5YaE9WQ0o3Vnp5c052MmRaZVhCcGMyM2NtRmRCYV9T0gGgAUFVX3lxTE0ybTNEaHRBdWlZbDBTTE5PeG5XV1JvM2c2cDU2dDdQb0MyUl8tMEpvNGxyaXBDSks0NGdVa0g0QWY0TUx4YmtKb2ZPUjJEMkZjRkhIeVMxbVhXMDRLY1VZZW1CSVJwM0p6RzBXSFUtMjBfTUZSTUw5ZDlsN1NJVld1blhoT1ZDSjdWenlzTnYyZFplWEJwYzIzY21GZEJhX1M?oc=5,1,2025-12-21 01:25:58+00:00
"High Level City searches   Italy, English   language","(""Milan"" OR ""Bologna"") AND (""Bomb"" OR ""Bomb Threat"" OR ""explosion"" OR ""shooting"" OR ""Stabbing"" OR ""suspicious package"" OR ""unattended Package"" OR ""explosive"")",Dubai edges Anadolu Efes with late surge as Wright delivers career night in Istanbul - TalkBasket.net,"Sat, 20 Dec 2025 08:49:56 GMT",https://news.google.com/rss/articles/CBMiugFBVV95cUxOQ21jNWdZTksyM1ZoU0IxUlQwQ3RycDY4bzhKUjR1YTZNYUxnT2pWN1lvWTV4WC04Sm82d0k1TllZU0l0Sk12bS1vWlM3QzNXVjJGcGpvMEtjM19udDUwV3VTZGE3dWJGTkNhc21iZUM3OGZHV2dEazVEZWUyejV0MXJIQ3VRMU1yb0pycFEtREtnZE5kbWI1S2xWXzVmd1AtbGduV1V1QkhFTkpNZG9oeDZoYk5jMVV1cUHSAcIBQVVfeXFMT202anBMampNTExaZC1fYWZ4Zzl0NEhIcUxfLUExWTI5U3ZBdm5sN3d3YzUzVGloaEN1S0p1MkZrSXZpdUZKQkx3ZG5xSjRxRmx5NWhuT3Q0RHlHNHZUb2JZbFJkMWJvWmxwNjJRTlpQWXJKSFhiSHZFMkJYX3VtZ0otOWdwVWk2dmNVb3NVb25PajRsTC1NTEl1UEhsSlNQUXEtdmVEb0JTMEZWOVpxMWFuU2dyeTdKY0lnVEpTYzlab1E?oc=5,1,2025-12-20 08:49:56+00:00
"High Level City searches   Italy, English   language","(""Milan"" OR ""Bologna"") AND (""Bomb"" OR ""Bomb Threat"" OR ""explosion"" OR ""shooting"" OR ""Stabbing"" OR ""suspicious package"" OR ""unattended Package"" OR ""explosive"")",Liverpool Teammate Points Out 'Issue' After Salah's Shock Rant | - Soccer Laduma,"Sat, 20 Dec 2025 10:26:00 GMT",https://news.google.com/rss/articles/CBMiygFBVV95cUxOdm0wZldTT1pMVHpvR1p4NFNBY2JiWXJGb29pOGpQVEwzYld3dXRUWW5rcnlXc2NtZ2RiMEVYdFVEc1M4amZ4YnlUYUhpX0dtcThnVFlOQTJJRWNTQnVNZXBmUVlRS0RpTE03NW5tSFFQSXZGZ3ZjZDczcTd2QjBwMkdIWjROeGVEeXFSLTVqWmktME9YVGFhSnFPYTlDblNnMER2QnZOZmRENGpvQlJxbnROQUtQeTlqdEhmUHBWRFpvNUtRczg3NWd3?oc=5,1,2025-12-20 10:26:00+00:00
"High Level City searches   Italy, English   language","(""Milan"" OR ""Bologna"") AND (""Bomb"" OR ""Bomb Threat"" OR ""explosion"" OR ""shooting"" OR ""Stabbing"" OR ""suspicious package"" OR ""unattended Package"" OR ""explosive"")",Liverpool sink nine-man Spurs but Isak limps off after rare goal - NST Online,"Sat, 20 Dec 2025 22:21:24 GMT",https://news.google.com/rss/articles/CBMitgFBVV95cUxOeGpocU1OTzY4U0VlS2Zqb2pPMnpBc1N5WVpBaXNYX1RadlZ3RjdCeFM2OEprTTRvTDMzOF9PeVdsbDNzNm92MW9xZFZPUkhhejYybzhncVpWeEsxWm4yWWNIV2VlazF5Q3ZvWDRjbU9iT1QxdkZRSDBiVEM4V0V2SUNSUjRKVzVFdnRwV3MtbTNzaWFWMnZDQ0E1LU5GX3FUaW5kN1ZwR1dEdFJnaU94dXpScUNFUdIBtgFBVV95cUxOeGpocU1OTzY4U0VlS2Zqb2pPMnpBc1N5WVpBaXNYX1RadlZ3RjdCeFM2OEprTTRvTDMzOF9PeVdsbDNzNm92MW9xZFZPUkhhejYybzhncVpWeEsxWm4yWWNIV2VlazF5Q3ZvWDRjbU9iT1QxdkZRSDBiVEM4V0V2SUNSUjRKVzVFdnRwV3MtbTNzaWFWMnZDQ0E1LU5GX3FUaW5kN1ZwR1dEdFJnaU94dXpScUNFUQ?oc=5,1,2025-12-20 22:21:24+00:00
"High Level City searches   Italy, English   language","(""Milan"" OR ""Bologna"") AND (""Bomb"" OR ""Bomb Threat"" OR ""explosion"" OR ""shooting"" OR ""Stabbing"" OR ""suspicious package"" OR ""unattended Package"" OR ""explosive"")",Rasmus Hojlund: Dazzling performance fires his side into Cup final - The Peoples Person,"Sat, 20 Dec 2025 13:00:23 GMT",https://news.google.com/rss/articles/CBMiswFBVV95cUxQY01DZTMzZU83ZUpEY3d6MkFkMXNmVHdybWJ0NXFnTEh1ck9mYjY4V3ZuVGhQMVR1R0h1NWVWUGpJMmJLWjBzTHNOcXZ2c0lNRnNkTXFCNU00dU4wWjQ1MTN2TWxlbVFPandlc2RWc2Q1cFJKRldpbnJhY1lyWXNYSm9RSTcwNU14MWtJeXpWNXFPdVZ3dk9OLWdESC1vbjUtck9hbUlsYUVyay1mZHFENUV6aw?oc=5,1,2025-12-20 13:00:23+00:00
High Level City searches   Belgium Dutch language,"(""Brussels"" OR ""Maastricht"" OR ""Antwerp"") AND (bomb OR explosion OR shooting OR stabbing OR police OR evacuation OR ""suspicious package"" OR ""unattended package"" OR protest OR riot)",Attack on the Polish consulate in Brussels during the EU summit - Euronews.com,"Sat, 20 Dec 2025 09:29:59 GMT",https://news.google.com/rss/articles/CBMitgFBVV95cUxOZWFZeWhNZEZFVUpLSjNSc2gybHZqUFMzb2UyNVgzSTRZODMwZTNZa3ZiWHdwU29Cdy1GODlRRk54TmNOempScUZid3pXMEd2TUFXTVlITEMyRFlOUmxsNXdsZ01ibjlPNzRSTW9Oa1lCZHNZeVpzbU9DMWN0N2J3bFpzSjV2cHF3dlhIVHlrc1NfWjJjR08xcTduZFpHSmU4MTFhdVc1UjhLd2lQYmVvMTR5eVIwdw?oc=5,1,2025-12-20 09:29:59+00:00
High Level City searches   Belgium Dutch language,"(""Brussels"" OR ""Maastricht"" OR ""Antwerp"") AND (bomb OR explosion OR shooting OR stabbing OR police OR evacuation OR ""suspicious package"" OR ""unattended package"" OR protest OR riot)",Belgian Congolese protest against DRC-Rwanda peace agreement - The Brussels Times,"Sat, 20 Dec 2025 16:57:10 GMT",https://news.google.com/rss/articles/CBMinwFBVV95cUxQeDU3TC01RTFZQXhIc3I2dGtCc09vTDZEblBvczV0YnpvNzhpX2VhakhYYnZMcmV0MDlBMWhFa2o5TXFhSGduZXAtMTZJUEVGM3h2aWJlU3d1UHo5RUpfWHo2X29LMFNrSXJ4MnRmY0MzZTE1SzNJSUo4VTZGUW5BampWQTZFcF9xZVhNQ3NIb0lObm9EMjR0RVBadWZCUUk?oc=5,1,2025-12-20 16:57:10+00:00
High Level City searches   Belgium Dutch language,"(""Brussels"" OR ""Maastricht"" OR ""Antwerp"") AND (bomb OR explosion OR shooting OR stabbing OR police OR evacuation OR ""suspicious package"" OR ""unattended package"" OR protest OR riot)",French farmers continue road blockades despite calls for Christmas truce - Anadolu Ajansı,"Sat, 20 Dec 2025 12:29:59 GMT",https://news.google.com/rss/articles/CBMisgFBVV95cUxQRzdyTThFNGYwRkVGZGlKa0hPVUpQblhNdGVuNFFTOVh2TWZnUTFQSlRRTS0waVg5TVlod0VNRlRnanpHYXduOTIzNmFLR1BVaEh4TUpiRzJXWkZ2cXdWVUtJRWhKbmNhWEJ2SnVzekJlVWpvRXEybGRCZVVEVTMxcDcwb1RRdDBYbGRpelFIVzJtalhxbHBPZTk5NkNjU0JzTmtnNWlpVjV2Q1Z6a3lnUVNB?oc=5,1,2025-12-20 12:29:59+00:00
High Level City searches   Belgium Dutch language,"(""Brussels"" OR ""Maastricht"" OR ""Antwerp"") AND (bomb OR explosion OR shooting OR stabbing OR police OR evacuation OR ""suspicious package"" OR ""unattended package"" OR protest OR riot)",EU forced to delay hated new plans after farmers stage extraordinary protest in Brussels - GB News,"Sat, 20 Dec 2025 09:59:20 GMT",https://news.google.com/rss/articles/CBMifkFVX3lxTE5UTjFVVzZlSy1ycUJkZ1QtRHVGWjgteU8yVWJpX1JYQ1FRUGtBQWM2OXRiY3l1M041Q3FLRndWWTlybE5Jd09qTUxCeE5hQ1dFZ0hNQ3NQSjAtaU1KSUQ1eVl0V0dwVmwxUHR3R1N2NmM4ck83OHVOcFBBd2pSZw?oc=5,1,2025-12-20 09:59:20+00:00
High Level City searches   Belgium Dutch language,"(""Brussels"" OR ""Maastricht"" OR ""Antwerp"") AND (bomb OR explosion OR shooting OR stabbing OR police OR evacuation OR ""suspicious package"" OR ""unattended package"" OR protest OR riot)",Europe Stumbles in Its Attempt to Sidestep Trump’s World Order - Bloomberg.com,"Sat, 20 Dec 2025 16:10:29 GMT",https://news.google.com/rss/articles/CBMiswFBVV95cUxPM3NmQWJFRWFublltN2d0aXRhNDl5VVV0bDRLdXl3WUhiblJERlBCbi16WUlyYm1FV0tMd3d6STZUbHhhOUxPei1aU3NRVTVTZ1pVSlo3a3ZEYmE1RWtzMWdDYzB6ZFREMlZXZENKeFBqLXp4Mm1TZkJPZ1VXQ2J0NlFSM1VtNVNPS2ptV0Z6X2ROZjV3VlN5a0k1ZzN6MU5ycXlTRnY3Zks2UkJaSDRkUnZkWQ?oc=5,1,2025-12-20 16:10:29+00:00
High Level City searches   Belgium Dutch language,"(""Brussels"" OR ""Maastricht"" OR ""Antwerp"") AND (bomb OR explosion OR shooting OR stabbing OR police OR evacuation OR ""suspicious package"" OR ""unattended package"" OR protest OR riot)",EU delays massive free-trade deal with South American bloc Mercosur - East Bay Times,"Sat, 20 Dec 2025 17:33:23 GMT",https://news.google.com/rss/articles/CBMisgFBVV95cUxQZ3BUa3JGcW02RjFoUUVORHEtVVA5TGxZa3c0MmY0YzNWNTd6X3NXMGlWRHVfenBxbi1HSDFZN29ieWRkR2g1SkpVNDlRUWM1NnhDMUdMa1hRenRzRm1PdUpCU2hGek9IYTRqalBWVVFLbE9WZ2hYQ21NbDBvZG5FbEZtbENJRGdOOXVCU1ZJTjM4bEZaRWswMHFLYXEwNWdZamg1RzdGakZHRXBTOVNvMmZB0gGyAUFVX3lxTFBncFRrckZxbTZGMWhRRU5EcS1VUDlMbFlrdzQyZjRjM1Y1N3pfc1cwaVZEdV96cHFuLUdIMVk3b2J5ZGRHaDVKSlU0OVFRYzU2eEMxR0xrWFF6dHNGbU91SkJTaEZ6T0hhNGpqUFZVUUtsT1ZnaFhDbU1sMG9kbkVsRm1sQ0lEZ045dUJTVklOMzhsRlpFazAwcUthcTA1Z1lqaDVHN0ZqRkdFcFM5U28yZkE?oc=5,1,2025-12-20 17:33:23+00:00
High Level City searches   Belgium Dutch language,"(""Brussels"" OR ""Maastricht"" OR ""Antwerp"") AND (bomb OR explosion OR shooting OR stabbing OR police OR evacuation OR ""suspicious package"" OR ""unattended package"" OR protest OR riot)","Tractors in Brussels, Laureti (PD): 'It wasn't for Mercosur. That's why they demonstrated' - Il Sole 24 ORE","Sat, 20 Dec 2025 08:28:20 GMT",https://news.google.com/rss/articles/CBMiugFBVV95cUxNZzVrSzZKdERtdWJYX2ZBRXJBMkRHUDFSXzZzT00tU3JBTzY1bVUtMUhHTTMwRlVVTDhKY0ZBTzJfLVlFbzAzMTdrdUxZcjZGQ0xjQUktNlpCMzhqeFI3RFJ6dEgyQ3BBeUQwNDVfLXNOMlpnSHJYWkh0SmtSV0tRaGVEUGJpaWd1SU5pWWQzblZCVGp3QksxakxoMmg1WGpXc0ZRdUNHY3BJY25FM25mbXVwSXFKOFZQM2c?oc=5,1,2025-12-20 08:28:20+00:00
High Level City searches   Belgium Dutch language,"(""Brussels"" OR ""Maastricht"" OR ""Antwerp"") AND (bomb OR explosion OR shooting OR stabbing OR police OR evacuation OR ""suspicious package"" OR ""unattended package"" OR protest OR riot)",French Farmers Protest Outside Macron’s Office - Trendsnafrica,"Sat, 20 Dec 2025 08:14:56 GMT",https://news.google.com/rss/articles/CBMifEFVX3lxTFBLcVlNS1lfSzZZS2wyV2ZyNVVDM3ZhVkFCSGxmOHBQSldWbWEwQkhPX1BhM085ZzAtSHcwc1RxaVkyRHNEOGpkZ1RRaGNDMkF6VnB0ZGJTbmRCR0g2RkZBY0dfdFJxVV9vbk95aGxjTl9UaHU2VzVrQ0ZYcWPSAYQBQVVfeXFMTTdRdzJTVGJpMVkwc3pVZEd3TlJaYnRmQmdkYWVfWHFvRHJvT0ZJcThVM2I2WlQ2TkZTQmdTaUVSTVh4VlIwOXh2QXYtU0JJUTY1TVBjc0lLWm5LRUU1TlVQMlBubzN3QTRVTm1UQmNSdFFUdkVFSktrYzJRV1hqbldfUzZU?oc=5,1,2025-12-20 08:14:56+00:00
High Level City searches   Belgium Dutch language,"(""Brussels"" OR ""Maastricht"" OR ""Antwerp"") AND (bomb OR explosion OR shooting OR stabbing OR police OR evacuation OR ""suspicious package"" OR ""unattended package"" OR protest OR riot)","Podcast: Brussels is broke but has no government, but does anyone care? - inkl","Sat, 20 Dec 2025 08:41:08 GMT",https://news.google.com/rss/articles/CBMimgFBVV95cUxOUExoU1gxaTV1c3o3X3Nib3Z2b1J2SHhFQmI3OHRDeXd6N1VxMlVjWEJFVW5IeG9CY2pvMmtDWDRPRW1KV0ZlRHczVF9ZNzZtVmdLek0yRERiMXdKenk2bm9YN1NhYzhETGFmQXBBQXhCQVgtZm04NU0zVER5REk5U2VjWUV2djRVN19mNmI4ZkFqenBpdjFIZ1Nn?oc=5,1,2025-12-20 08:41:08+00:00
High Level City searches   Belgium Dutch language,"(""Brussels"" OR ""Maastricht"" OR ""Antwerp"") AND (bomb OR explosion OR shooting OR stabbing OR police OR evacuation OR ""suspicious package"" OR ""unattended package"" OR protest OR riot)",Why European Farmers Stormed Brussels with Tractors | Vantage with Palki Sharma | N18G - Firstpost,"Sat, 20 Dec 2025 08:12:25 GMT",https://news.google.com/rss/articles/CBMixgFBVV95cUxPdUpXOW5YSVVoSDZZZHJWXzBUS09xaGVFYWhONHNOQTUwc0l3Z1R1LWVQSXBZZ1J4eGRPWmxTa25NRnN0eWh1RzhVbEpwVVhqSTJ0UzNHc2RyQ3RuY3VBVWlTNDhmWWl4TVQ3TVlpUkJhZ21NX3ZYdGlNQXhfd3M3c1lpN3JSRUpDcURhNUNhTEJJUkt2UVFfc2stb2szb3hxUVF4NGdBWG51UzVhbWY4VGh6aHZSV094UndQam9vT2NjVy1SVEE?oc=5,1,2025-12-20 08:12:25+00:00
High Level City searches   Belgium Dutch language,"(""Brussels"" OR ""Maastricht"" OR ""Antwerp"") AND (bomb OR explosion OR shooting OR stabbing OR police OR evacuation OR ""suspicious package"" OR ""unattended package"" OR protest OR riot)",Ukraine strikes Russian military and energy targets in Caspian - Report.az,"Sat, 20 Dec 2025 07:24:58 GMT",https://news.google.com/rss/articles/CBMipgFBVV95cUxNbWJ3VTQycXdMS1ltcTduN2hTWF9DYzMwQXE4TTRsRE1iWnlWYWpsZDFadUVWdmxZY2xQM1JoeTJNVVV4bzdFcUZTMTJBNW00MTZGeENFLXR5TnZYcXgtOG91bU5Na1NzMldmSkY2TGhUam1aZFhoVmZZUENhOFVQVDU5ZGJVbnJfNzhuaE5PN00ySkxsNkpTQXhfUlprVGJZU3BDN0ZB?oc=5,1,2025-12-20 07:24:58+00:00
High Level City searches   Belgium Dutch language,"(""Brussels"" OR ""Maastricht"" OR ""Antwerp"") AND (bomb OR explosion OR shooting OR stabbing OR police OR evacuation OR ""suspicious package"" OR ""unattended package"" OR protest OR riot)",Tens of thousands attend funeral of killed Bangladesh student leader - France 24,"Sat, 20 Dec 2025 10:07:10 GMT",https://news.google.com/rss/articles/CBMitgFBVV95cUxORG1FSlZaTzlFdkpoLUxhMUM2Z21EeFFZQU1jc2hLMEcwUEtmU2hWbmpUTnhSOF9YbmxaYU5JcmdtYkNia0c2MFpyN0hPdm1NcjRSQm83UDNqVGFJLThia0RLckxJSjRmbEZlQ3BWSXlrMDN5MG5tZS1RWW5oY1p3NGtPVXhZNmZMNE9BLXdMSkVHOFNXWi0zYnJzMkNSS1EtbUhEQ2Ztdk1CejJ6ajRJMUpHdXYydw?oc=5,1,2025-12-20 10:07:10+00:00
High Level City searches   Belgium Dutch language,"(""Brussels"" OR ""Maastricht"" OR ""Antwerp"") AND (bomb OR explosion OR shooting OR stabbing OR police OR evacuation OR ""suspicious package"" OR ""unattended package"" OR protest OR riot)",Brussels like a local - Reuters,"Sat, 20 Dec 2025 11:00:00 GMT",https://news.google.com/rss/articles/CBMic0FVX3lxTE1kRkw5OG5FRFZxZVJUSFVGNWp6RUxaLTNURTV4VjRESG50Mk5JTmFKSzhLWUowcXNCc2doRThSV0Y4ZGdQMHktQnpzdTE1WlVYMnVLa1pPRnRfeEhraTYyeFZPcUZsOXRlRzEtTHh4LWlwQ3c?oc=5,1,2025-12-20 11:00:00+00:00
High Level City searches   Belgium Dutch language,"(""Brussels"" OR ""Maastricht"" OR ""Antwerp"") AND (bomb OR explosion OR shooting OR stabbing OR police OR evacuation OR ""suspicious package"" OR ""unattended package"" OR protest OR riot)",Armed conflict in Venezuela would be 'humanitarian catastrophe': Lula - France 24,"Sat, 20 Dec 2025 14:41:11 GMT",https://news.google.com/rss/articles/CBMiswFBVV95cUxPUmV5TEQzUXp3ZHc4UnBlQ3RQQlE4MXhZZFVuTWx3cUVNd2kzcGFNVG1OUE9FajZxX2dWNUlZNjZYSkY3S3VEb21Gck5kWnAtUHFId3kybVZEOUxfRHd6UXgyYnJlcTRzS29hd1pQa1ZqcEVRY09oU21aRlZHYTBiYnpMVk5NZy1PQlVpZGE3VXBVYW9Bc2xwN2JQX2ZDRk5MWGF5Q3A0eHhMNUtEUHhVNFAyZw?oc=5,1,2025-12-20 14:41:11+00:00
High Level City searches   Belgium Dutch language,"(""Brussels"" OR ""Maastricht"" OR ""Antwerp"") AND (bomb OR explosion OR shooting OR stabbing OR police OR evacuation OR ""suspicious package"" OR ""unattended package"" OR protest OR riot)",'Hamas operative' working as TV presenter in London is behind group organising pro-Palestine marches - GB News,"Sat, 20 Dec 2025 13:19:14 GMT",https://news.google.com/rss/articles/CBMiiAFBVV95cUxQOGFxSFdiRE9PckhJWHRpQjdrZFBKaVlQZk1OUGNBcERMQVdwRS0wS0U2RmFoUThJcmFieHk4QndRSW1lTmxwU183enRUc1JTT2Z1VHpoaS1CSkpkMFpaWWNDZDdCVS11dVFhQXVBVFNvamJtWUVlZkI2X3JUd3VsZi1POGJTSGFD?oc=5,1,2025-12-20 13:19:14+00:00
High Level City searches   Belgium Dutch language,"(""Brussels"" OR ""Maastricht"" OR ""Antwerp"") AND (bomb OR explosion OR shooting OR stabbing OR police OR evacuation OR ""suspicious package"" OR ""unattended package"" OR protest OR riot)",EU’s €90 Billion Lifeline Buys Ukraine Time in Russia War - Bloomberg.com,"Sat, 20 Dec 2025 08:04:34 GMT",https://news.google.com/rss/articles/CBMirwFBVV95cUxQTXdHUW5RSmF3a2lhSmhHNmRWY2dTVWtfNWk2SzY5Vl9TbE5wTG95NVJ1ODhxOUVTQTlTZ0RXOFQ5cVg5RUcyZVhWam4ydTNTZEJCLVFlRzc5MERibEpSUE4wMWdHTlZUOXNBX1A3dmoyenBfbEtpd1VpXzZDMHlNbnRlR0E1RGJHWG9LSlhkQ1c4eGdSbkxlOUU1TGlVOTExcF9JZkI1ZmNzVXpNbnJj?oc=5,1,2025-12-20 08:04:34+00:00
High Level City searches   Belgium Dutch language,"(""Brussels"" OR ""Maastricht"" OR ""Antwerp"") AND (bomb OR explosion OR shooting OR stabbing OR police OR evacuation OR ""suspicious package"" OR ""unattended package"" OR protest OR riot)",William and George don aprons to help with Christmas lunch at homeless shelter - Milford Mercury,"Sat, 20 Dec 2025 17:46:49 GMT",https://news.google.com/rss/articles/CBMivAFBVV95cUxQV3BObURJMHZ2bWtZQVJiSjBlYmI1UXQxQW9OdWVLSlU2Z1BlUGFmdXRxdURlYnk3VWJtRVdNekJQVmMtamJIR2pXdlFCMlRXcl83ZmNEVkZaSVpVOGlzcWptbklaVmNFdnRrMjA2UmVBMGE1aFFoZ01TY0t4bDBURlI2UU9UWldfMHdmY1piR1A2WTJwVzhKWVVhUWVXUUpEV0htelBJd185M09uWGUwQ0ZGbVBKT0dEeG8xWQ?oc=5,1,2025-12-20 17:46:49+00:00
High Level City searches   Belgium Dutch language,"(""Brussels"" OR ""Maastricht"" OR ""Antwerp"") AND (bomb OR explosion OR shooting OR stabbing OR police OR evacuation OR ""suspicious package"" OR ""unattended package"" OR protest OR riot)",German industry voices frustration over EU-Mercosur deal delay - WKZO,"Sat, 20 Dec 2025 08:36:43 GMT",https://news.google.com/rss/articles/CBMilgFBVV95cUxQWnVMNDRGSHBCUUpUaU45UWczTVY2NFV6dXU5VVlOdzB5bTU2NkxhOUhnVzJCdU1HaVMySkVHYVlHUUR3c3dibFdYSl9hNTJjTnpCczRISHNpOGNUZ1Zld3Nadl92YWRnS0tKOTRza0xkQjhHR1U4dl9NaWZTUXpxZGtuT2I5TFEyei1wWVZfbElMQWFTNnc?oc=5,1,2025-12-20 08:36:43+00:00
High Level City searches   Belgium Dutch language,"(""Brussels"" OR ""Maastricht"" OR ""Antwerp"") AND (bomb OR explosion OR shooting OR stabbing OR police OR evacuation OR ""suspicious package"" OR ""unattended package"" OR protest OR riot)","Mercosur meets in Brazil, EU eyes January 12 trade deal - Modern Ghana","Sat, 20 Dec 2025 13:59:00 GMT",https://news.google.com/rss/articles/CBMimgFBVV95cUxQMUktVE1SRWlLQ25BUDZCSXpCS2YxWU5NaFVLb1ZkSUt0V2NELWR5elR3bVhOaURTR1lqSGJrWjNESzcxVDN4OU1valNMOHFkbERLVUJvX2hYLU5TNjFZbWpaSW9OTUtrNEVja2ZPZ0VtN3ZLS3JMLVFhSElzWk9JTE41b2JZM3NGWC1qdEpkVUJOdjFBWG1PaEN30gGaAUFVX3lxTFAxSS1UTVJFaUtDbkFQNkJJekJLZjFZTk1oVUtvVmRJS3RXY0QtZHl6VHdtWE5pRFNHWWpIYmtaM0RLNzFUM3g5TW9qU0w4cWRsREtVQm9faFgtTlM2MVltalpJb05NS2s0RWNrZk9nRW03dktLckwtUWFISXNaT0lMTjVvYlkzc0ZYLWp0SmRVQk52MUFYbU9oQ3c?oc=5,1,2025-12-20 13:59:00+00:00
High Level City searches   Belgium Dutch language,"(""Brussels"" OR ""Maastricht"" OR ""Antwerp"") AND (bomb OR explosion OR shooting OR stabbing OR police OR evacuation OR ""suspicious package"" OR ""unattended package"" OR protest OR riot)",Milan Vukašinović/Svečla case: A former member of the Serbian MUP has been arrested for his kidnapping - cna.al,"Sat, 20 Dec 2025 20:18:00 GMT",https://news.google.com/rss/articles/CBMitgFBVV95cUxQQU1lMmxoZ0ZQeWdRaWJBS1ppZFBuQ2plNzNTU1lwQWQ0amIyYWttdVFDQnRXTnU4RFFTMm1yM0pFX3lNOVJsNkZfczg5OGtkV19NRTNuQWRrVVM0VHhMbjVOWkluN1lsY183SWpwaUpzeFFXTUVJRE9OeGVHWnMxbmc3SnpXdmtjRUhYbmhPSHExWXNMMF80Q1pKelRQOXdQSTVzcGFRamkzcW9pQkg0cGlsclZCUQ?oc=5,1,2025-12-20 20:18:00+00:00
High Level City searches   Belgium Dutch language,"(""Brussels"" OR ""Maastricht"" OR ""Antwerp"") AND (bomb OR explosion OR shooting OR stabbing OR police OR evacuation OR ""suspicious package"" OR ""unattended package"" OR protest OR riot)",Call to scrap Mercosur trade deal after vote delay - Shannonside.ie,"Sat, 20 Dec 2025 08:38:07 GMT",https://news.google.com/rss/articles/CBMikwFBVV95cUxPTDRtaXFmM3N6NGVFQTFOOWQ2OGVEVkpPUnRZeFoycmdySllOSEdBTzMwcEs4YWx0aWFvQTFrN1cwdHNyWFZSWkVNd1JFWnZNdmx2aDQ0THR0a0pDeHZRR2tnclctM1BKbzJLUHYwekV5SmN5UHpBN0ZsUjJLZzRKUWNzUDEtcnFMLTNrRWxwZ09sRTg?oc=5,1,2025-12-20 08:38:07+00:00
High Level City searches   Belgium Dutch language,"(""Brussels"" OR ""Maastricht"" OR ""Antwerp"") AND (bomb OR explosion OR shooting OR stabbing OR police OR evacuation OR ""suspicious package"" OR ""unattended package"" OR protest OR riot)",KP police to procure advanced weapons to strengthen counterterrorism capabilities - Dunya News,"Sun, 21 Dec 2025 05:56:00 GMT",https://news.google.com/rss/articles/CBMivAFBVV95cUxOV215UHQ5OWstbmxlSll3UFVrRkM2S1ZsQkZyTDFFTTN3cVBiSGcza1dpMGYyN05TOUlod1dwNWk4eXJsd3NfT3l1bS1DMjFnUG5uN1lRVjVVOVFEdXZFSzJVUWNfcFROLVh4SWh3Y1Y1bGllcVhpX09Wald2eVBUMXhPVGtTdXFJMTZrdjFYbGFBVGt4VFljMFF4UVNJQlFESWpJMWZUZTR0X19UbTVsRHRMZWJKeko1V2RPNNIBVkFVX3lxTE9EUzZqQWx6TVZONDdkVWRseXpoSXpoNHBxampyNTF2N1g3Qi1rWWotak9Uc0RZeEg0aUhsSTFaODF4Z2FuaGs1eDVjNDljcWVRSkQxWlZ3?oc=5,1,2025-12-21 05:56:00+00:00
High Level City searches   Belgium Dutch language,"(""Brussels"" OR ""Maastricht"" OR ""Antwerp"") AND (bomb OR explosion OR shooting OR stabbing OR police OR evacuation OR ""suspicious package"" OR ""unattended package"" OR protest OR riot)","The week in photos: December 13-19, 2025 - Rappler","Sat, 20 Dec 2025 08:00:00 GMT",https://news.google.com/rss/articles/CBMijAFBVV95cUxQU19VQmxFcHZPOFk4R1luTlhHXzQ3Q19Fa0ZjOEhGNjVUeV9NZFRzZDJaZHVHcVZzUHhDNjNWb0MxVjlwb2tRZFNEUkRqRUpzVS1xaVAxdlBFMWt5cmR0Y0tHTy1ISl9lV0o0LWN2Z09rN3dNYTRoS1NwTDlneWxEbjFtaVhfMEl2ZmZZVQ?oc=5,1,2025-12-20 08:00:00+00:00
High Level City searches   Belgium Dutch language,"(""Brussels"" OR ""Maastricht"" OR ""Antwerp"") AND (bomb OR explosion OR shooting OR stabbing OR police OR evacuation OR ""suspicious package"" OR ""unattended package"" OR protest OR riot)","News at 6:30 - After the tragedy on Savin Kuk, three people were rescued from the cable car - vijesti.me","Sat, 20 Dec 2025 16:25:48 GMT",https://news.google.com/rss/articles/CBMiyAFBVV95cUxNTVNMODN3Tzl4Qjcxdk9xSDVRakhnTXhaX0dmb0VaUm8wY2gxdVdCY0hzU1RzUlYwZVQ0UkhyczBSc2RiU01YSXVzOGRhTWZ4Z3hzcG1uUnN1djlTalVkNjhpMkNkMDNxTXVnMGlmbUdQeWxDTndUMGdjNzRMS25GVVNqeUg3XzA1TTNvQ21Nd3FEbFhwRU5YZE9DZkJlTnVDdDJObmxaaFRMSkRDMHVHcFR0RjFQX19DWlZBQmxPamN2dXQ5blo1VNIByAFBVV95cUxNTVNMODN3Tzl4Qjcxdk9xSDVRakhnTXhaX0dmb0VaUm8wY2gxdVdCY0hzU1RzUlYwZVQ0UkhyczBSc2RiU01YSXVzOGRhTWZ4Z3hzcG1uUnN1djlTalVkNjhpMkNkMDNxTXVnMGlmbUdQeWxDTndUMGdjNzRMS25GVVNqeUg3XzA1TTNvQ21Nd3FEbFhwRU5YZE9DZkJlTnVDdDJObmxaaFRMSkRDMHVHcFR0RjFQX19DWlZBQmxPamN2dXQ5blo1VA?oc=5,1,2025-12-20 16:25:48+00:00
High Level City searches   Belgium Dutch language,"(""Brussels"" OR ""Maastricht"" OR ""Antwerp"") AND (bomb OR explosion OR shooting OR stabbing OR police OR evacuation OR ""suspicious package"" OR ""unattended package"" OR protest OR riot)",Brazilian president Lula calls EU to seek 'political courage' over Mercosur trade deal - newswav.com,"Sat, 20 Dec 2025 18:54:08 GMT",https://news.google.com/rss/articles/CBMitwFBVV95cUxPOUtrLUZuZlRJRmgyVGg2T2pQWEJCdEh2eFB6enZnZlRXbTNndWRBckItTFFScER3RHJkWWVoeWVwZHpyckxPWFJTWFN4X1RlY2pnUTFzS00tNUIwLUVWWlJhVWVUeENITjl0dzJsdkhyYkN2eWxvTFhoREJHbnNmQ0ZIcGY1QXp5TnVjSWgzakE1R1B5cl9QZV9zTEJJN2V5Z1lYVW1sVm52NnViRGx1UWFwYl9YdlE?oc=5,1,2025-12-20 18:54:08+00:00
High Level City searches   Belgium Dutch language,"(""Brussels"" OR ""Maastricht"" OR ""Antwerp"") AND (bomb OR explosion OR shooting OR stabbing OR police OR evacuation OR ""suspicious package"" OR ""unattended package"" OR protest OR riot)",Stockport incident LIVE: Police swarm street and launch urgent probe after 'stabbing' - Daily Express,"Sat, 20 Dec 2025 15:40:04 GMT",https://news.google.com/rss/articles/CBMiiAFBVV95cUxNN2wtdDRKci1YT25STUZzOXZOdGEzNjctalZDZmdjZEExWXZwLWM2TXVySWpKRFI5MTNjWG9IVlVIVFFQUnYxaVdSYU9HWmN0YTlER2tWNHJJakJnS0pPaWxuaGx2aVBXRm9RVDNjeF9PZDBTdEh1ZlEza3dfOUIwMG5TNnRMaEtl0gGOAUFVX3lxTE90c1hnTGxJN3BER0tHTUxhZ0xtbTYyUmZPei1nZmRvZjVPeEVQWkUwSEp4bklkU2NINkZWTUw3b1BGMTBqUlRsdEVXTDJmYUk1TGlXaG5Mb3Z3dHQ2cTRHQW5RUXhsWVRRbXFkRHUyX0hVd0tjVVR0QWo5N3FZcGdtZGRrdU5vNHppRHJkclE?oc=5,1,2025-12-20 15:40:04+00:00
Local Town Searches Wertheim German Terms,"(""Wertheim"" OR ""Wurzburg"" OR ""Aschaffenburg"") AND (bomb OR explosion OR shooting OR stabbing OR police OR evacuation OR ""suspicious package"" OR ""unattended package"" OR protest OR boycott)","Wurzburg vs Syntainics – Preview & Prediction (Dec. 21, 2025) - basketballsphere.com","Sat, 20 Dec 2025 14:57:14 GMT",https://news.google.com/rss/articles/CBMijwFBVV95cUxNLTBzZjJsZHZURmFNT09XOTM4bXZxUUtPak5WREVPajNsS1VkdDdESFktVTk0M3dmMVA1U1Fyc1dSNWpZd28wVUhEUk40UWJfYUFJajFmSHY4T0ZYdC1xeTdDNU5JcU9KM0FHSUM5ZGVJZHJDNThyWjRkS0p5WndYV1BZLUNFbENLVXdTMnJEMA?oc=5,1,2025-12-20 14:57:14+00:00
Ireland / Kildare Protest Groups - Social Media,"(""Kildare"" OR ""Newbridge"" OR ""Celbridge"") AND (protest OR demonstration OR activist OR police OR disruption)",Man dies after incident on Dartmoor by River Dart - Devon Live,"Sun, 21 Dec 2025 06:23:01 GMT",https://news.google.com/rss/articles/CBMiiwFBVV95cUxNQ0NSei1heWU0M0JFVER6NDRhT1FhNzRlRHlMWEdTQjkyWk15M3hiQVJwell1T1F0LVM2LW1LOUZFS0VUd1ZaYkhhcGNLSnZ1WkMwbGN0YmEwNktxUUlFellEZHZGTzZvZVVaRlZ5WVNuTkEtQWhZdXVCd2hGaDhpQWEtMDZldFE1S1dj0gGQAUFVX3lxTE1CalJmMEhwN09sQzBRa1NkMmxzcHRvTjV6NjhNZ3B0bmhGRC0yLU5TZEFCRjBtRzJnMU1GaVVTNnZVRjVqYXdvSjBjc1NjQUhvRzdJdERwWGFNcEVoTGhmbGFBNS1nTWRsOExWckQ0c0RlanlmWTZ3djBJc3hMSHNZUEVoU3JxNHBCanY1cmFPdA?oc=5,1,2025-12-21 06:23:01+00:00
Ireland / Kildare Protest Groups - Social Media,"(""Kildare"" OR ""Newbridge"" OR ""Celbridge"") AND (protest OR demonstration OR activist OR police OR disruption)",'Body found' by kayakers in river at popular beauty spot - Plymouth Plus,"Sat, 20 Dec 2025 21:05:23 GMT",https://news.google.com/rss/articles/CBMijwFBVV95cUxObEVkdU1Jd2daV3BlQVl6RjdEQ2FxUUxVaEZDYkJ3NFdzQU82OGtQWmNVR0F1R3VST0hhZ29hS0wzQ1dDcndDR0hkUk9PRWY2MEN6WlAwR1ZkRThBTjdvNGZnem45NmFBVnNvVnRmbF84X21ITlRxSGw0c3JLUEl0OTVsZERSMGpkdTlwZTdpUQ?oc=5,1,2025-12-20 21:05:23+00:00
Ireland / Kildare Protest Groups - Social Media,"(""Kildare"" OR ""Newbridge"" OR ""Celbridge"") AND (protest OR demonstration OR activist OR police OR disruption)",Locals block service vehicles at Castletown House in protest against OPW - MSN,"Sat, 20 Dec 2025 17:21:09 GMT",https://news.google.com/rss/articles/CBMi1AJBVV95cUxOTzBGQldvZ3ZOaGQ4RWtZRGpmaFhBZU5RaTJUdHN2SUFiUjVVSlJtNUl6Y1Y2R1RwRW5DQXRCVUhCRHVaRENoQk5jS3R3Mi1Ic2dwdEZ6VUEtdHhwUmhDeWxjZlloa1hyYlByMUQyOFpNdHVQYmQtdFpyRWdOVUthRWdhT1h3cHNVNG0zRkJLZFVLX0RlSE5uTGttX29WeG1rYVhXYXQxaWtnMFUzRXc5cnF3Z1lHSk5PdkFmT2dXa3BMai1uNVJ2c2JjcVkydVRHRDF0NkptbnpBaFJzVjZfSVVjNURoNFVWZmhWd0NSc2V3V2tjcWZZUzJvdjdjUXk2WklpT3NSc2xUbGRUS2d5X25qeGhMUzltNFdCQVd5V2JNT2YtRWhMcGxGWmhIbVpxNlczVDNESjcwNHNGZjRCZGRscnlQSGJ2MVBGODhqdHlaNGp4?oc=5,1,2025-12-20 17:21:09+00:00
Ireland / Kildare Protest Groups - Social Media,"(""Kildare"" OR ""Newbridge"" OR ""Celbridge"") AND (protest OR demonstration OR activist OR police OR disruption)","Four arrested and £500,000 of suspected class A drugs seized - kildare-nationalist.ie","Sat, 20 Dec 2025 15:52:48 GMT",https://news.google.com/rss/articles/CBMitAFBVV95cUxQdExSaUczcGRFTWVtTDFRdjRic0NvVnNPSTF0VU00amRMU2JPQ1pFS0oxODFqTVQ2aTdZaEFQczJOTWxXU1M2bTEzNWJpY3RmWVpjNzBLRGVYZDViX3kyYkkzWU9OZ1JQQUlLdVZPS1hPMmpGM0cyN1k4eXJxcndSLXhhU1FQVGxfZFVQYUs5c2R6MW1qZGZOcE9WOGJoRUtTTk45bjF0T3hxeW1UZTFkRjlUd0Y?oc=5,1,2025-12-20 15:52:48+00:00
Ireland / Kildare Protest Groups - Social Media,"(""Kildare"" OR ""Newbridge"" OR ""Celbridge"") AND (protest OR demonstration OR activist OR police OR disruption)",Kildare resident who allegedly assaulted girlfriend to spend Christmas in custody - kildare-nationalist.ie,"Sat, 20 Dec 2025 21:37:48 GMT",https://news.google.com/rss/articles/CBMi0wFBVV95cUxQSlB4RFRicGU5XzdVazQ1YmlSaGZUY1liUGFXTXBuSm5rZ2M2Zjktakp3TUlPUVE0SWlmdFd6emhrSkVuRmdmLVc3X3RhcWdZamdhdGdNbXN2ckI4cXloR0NxQ05qeXNnMkFTRXJvUE0yOW82RXBrdUxROEhNdVJEb2VrZnkzeFZOd2xxRklkaTRUR0pNdzBhdG0wNGxoYUdfUlB1UUdRLVRsXzczRWdTN0JlMXFlWFV4TU10WU1fbU90ZkNYMWVKd0Vxc05JNmlwRXhN?oc=5,1,2025-12-20 21:37:48+00:00
Ireland / Kildare Protest Groups - Social Media,"(""Kildare"" OR ""Newbridge"" OR ""Celbridge"") AND (protest OR demonstration OR activist OR police OR disruption)",Caravan destroyed after ‘deliberate’ fire attack in Co Down - kildare-nationalist.ie,"Sat, 20 Dec 2025 13:16:53 GMT",https://news.google.com/rss/articles/CBMiswFBVV95cUxNQlV4Nkhmd21jbkFmNVRJZG5tUXU4SFhwVm5sOUw3ZHMxai1OcmpwMHNHbDNJTUNCYlRJLWJLSFNfbmFTNFd1SHJGMUh3X0FQOFY2R0swOVZIdjRNcTZyb2xqdWVVMVEtMXhLNUk2YlRXWEYyeTFmb0RQRlVfSDZ0VTgxT3VKMjA4NmdSSnZjZTNzeXhxSFMxa3FwclU1RXAxZmNWbWZtUk90NUNjSnJCRnhhdw?oc=5,1,2025-12-20 13:16:53+00:00
Ireland / Kildare Protest Groups - Social Media,"(""Kildare"" OR ""Newbridge"" OR ""Celbridge"") AND (protest OR demonstration OR activist OR police OR disruption)",Shots fired at house in north Belfast - kildare-nationalist.ie,"Sat, 20 Dec 2025 10:31:50 GMT",https://news.google.com/rss/articles/CBMimAFBVV95cUxOWUJoeFJEWTRWVXJJZU54Ui0xUTNtcmMzNVQ1Rm9jeWNpZmEtVWJ2R2lnUy14YzFoeGZMRlMydkQzclZuTFNFTTBYQ2dpVjB6RTVoZHVBNk4wSFhhV2psdm41ajNlcDk2enFhWmo1bk9FSDVFYUI3Tm5MUTVfdjFENG1wa09wNlpEMWRVdUg0d3VmbGlBSlQ1VQ?oc=5,1,2025-12-20 10:31:50+00:00
